purchase_order_id,product_id,quantity,unit_price,
1001,10751,56,130.25,"{1001,10751,56,130.25},"
1001,10453,80,243.01,"{1001,10453,80,243.01},"
1001,10293,40,237.98,"{1001,10293,40,237.98},"
1002,10612,32,70.72,"{1002,10612,32,70.72},"
1002,10960,29,379.19,"{1002,10960,29,379.19},"
1002,10756,35,427.68,"{1002,10756,35,427.68},"
1002,10123,32,480.95,"{1002,10123,32,480.95},"
1002,10852,61,292.3,"{1002,10852,61,292.3},"
1002,10867,93,454.6,"{1002,10867,93,454.6},"
1002,10105,90,378.15,"{1002,10105,90,378.15},"
1002,10278,47,217.75,"{1002,10278,47,217.75},"
1002,10754,49,395.36,"{1002,10754,49,395.36},"
1002,10395,35,394.54,"{1002,10395,35,394.54},"
1003,10609,96,240.91,"{1003,10609,96,240.91},"
1003,10916,63,282.61,"{1003,10916,63,282.61},"
1003,10379,66,344.17,"{1003,10379,66,344.17},"
1003,10959,31,344.8,"{1003,10959,31,344.8},"
1003,10757,36,91.69,"{1003,10757,36,91.69},"
1003,10100,64,436.08,"{1003,10100,64,436.08},"
1003,10763,91,489.23,"{1003,10763,91,489.23},"
1004,10927,30,109.3,"{1004,10927,30,109.3},"
1004,10089,99,241.67,"{1004,10089,99,241.67},"
1004,10074,93,398.48,"{1004,10074,93,398.48},"
1005,10547,29,343.14,"{1005,10547,29,343.14},"
1005,10303,11,189.92,"{1005,10303,11,189.92},"
1005,10376,29,159.6,"{1005,10376,29,159.6},"
1005,10742,44,16.56,"{1005,10742,44,16.56},"
1005,10642,72,296.68,"{1005,10642,72,296.68},"
1005,10979,76,383.73,"{1005,10979,76,383.73},"
1005,10851,25,41.48,"{1005,10851,25,41.48},"
1005,10889,20,333.83,"{1005,10889,20,333.83},"
1006,10804,26,134.15,"{1006,10804,26,134.15},"
1006,10662,46,15.77,"{1006,10662,46,15.77},"
1006,10419,27,192.73,"{1006,10419,27,192.73},"
1006,10947,37,343.2,"{1006,10947,37,343.2},"
1006,10507,77,385.18,"{1006,10507,77,385.18},"
1006,10194,42,458.41,"{1006,10194,42,458.41},"
1007,10249,82,17.64,"{1007,10249,82,17.64},"
1007,10979,85,383.73,"{1007,10979,85,383.73},"
1007,10277,81,327.74,"{1007,10277,81,327.74},"
1007,10914,22,247.04,"{1007,10914,22,247.04},"
1007,10374,33,57.15,"{1007,10374,33,57.15},"
1007,10466,64,144.39,"{1007,10466,64,144.39},"
1008,10044,85,397.32,"{1008,10044,85,397.32},"
1008,10108,39,497.74,"{1008,10108,39,497.74},"
1008,10302,70,38.66,"{1008,10302,70,38.66},"
1008,10871,30,475.39,"{1008,10871,30,475.39},"
1008,10824,81,405.65,"{1008,10824,81,405.65},"
1008,10897,17,365.74,"{1008,10897,17,365.74},"
1008,10544,45,106.16,"{1008,10544,45,106.16},"
1009,10153,25,259.3,"{1009,10153,25,259.3},"
1009,10744,90,268.23,"{1009,10744,90,268.23},"
1009,10791,43,482.89,"{1009,10791,43,482.89},"
1009,10250,14,350.74,"{1009,10250,14,350.74},"
1010,10221,99,462.53,"{1010,10221,99,462.53},"
1010,10075,92,341.13,"{1010,10075,92,341.13},"
1010,10286,11,310.97,"{1010,10286,11,310.97},"
1010,10855,22,39.96,"{1010,10855,22,39.96},"
1010,10815,44,481.75,"{1010,10815,44,481.75},"
1010,10680,45,12.16,"{1010,10680,45,12.16},"
1010,10190,89,409.95,"{1010,10190,89,409.95},"
1011,10556,12,74.12,"{1011,10556,12,74.12},"
1011,10176,35,289.92,"{1011,10176,35,289.92},"
1011,10363,10,354.3,"{1011,10363,10,354.3},"
1011,10673,65,466.42,"{1011,10673,65,466.42},"
1011,10658,43,62.32,"{1011,10658,43,62.32},"
1011,10778,76,451.48,"{1011,10778,76,451.48},"
1011,10103,66,188.89,"{1011,10103,66,188.89},"
1011,10294,21,419.36,"{1011,10294,21,419.36},"
1011,10494,84,236.09,"{1011,10494,84,236.09},"
1012,10086,31,21.56,"{1012,10086,31,21.56},"
1012,10986,33,158.86,"{1012,10986,33,158.86},"
1012,10069,23,259.73,"{1012,10069,23,259.73},"
1012,10233,69,176.85,"{1012,10233,69,176.85},"
1012,10331,55,220.09,"{1012,10331,55,220.09},"
1012,10146,65,493.52,"{1012,10146,65,493.52},"
1012,10062,26,326.72,"{1012,10062,26,326.72},"
1012,10373,25,373.26,"{1012,10373,25,373.26},"
1012,10535,83,90.88,"{1012,10535,83,90.88},"
1012,10445,29,491.83,"{1012,10445,29,491.83},"
1013,10106,55,321.18,"{1013,10106,55,321.18},"
1013,10606,85,257.27,"{1013,10606,85,257.27},"
1013,10062,60,326.72,"{1013,10062,60,326.72},"
1013,10401,85,113.38,"{1013,10401,85,113.38},"
1013,10742,31,16.56,"{1013,10742,31,16.56},"
1013,10650,15,240.52,"{1013,10650,15,240.52},"
1014,10982,63,61.4,"{1014,10982,63,61.4},"
1014,10392,71,161.01,"{1014,10392,71,161.01},"
1014,10097,87,15.27,"{1014,10097,87,15.27},"
1014,10321,67,143.01,"{1014,10321,67,143.01},"
1014,10334,97,342.99,"{1014,10334,97,342.99},"
1014,10798,62,298.74,"{1014,10798,62,298.74},"
1014,10916,48,282.61,"{1014,10916,48,282.61},"
1014,10778,11,451.48,"{1014,10778,11,451.48},"
1015,10883,65,121.11,"{1015,10883,65,121.11},"
1015,10005,83,476.49,"{1015,10005,83,476.49},"
1015,10242,27,39.33,"{1015,10242,27,39.33},"
1016,10080,87,362.34,"{1016,10080,87,362.34},"
1016,10572,37,430.31,"{1016,10572,37,430.31},"
1016,10443,65,325.62,"{1016,10443,65,325.62},"
1016,10746,55,376.42,"{1016,10746,55,376.42},"
1016,10681,99,364.5,"{1016,10681,99,364.5},"
1017,10027,96,474.41,"{1017,10027,96,474.41},"
1017,10763,51,489.23,"{1017,10763,51,489.23},"
1017,10288,39,319.33,"{1017,10288,39,319.33},"
1017,10830,85,312.93,"{1017,10830,85,312.93},"
1017,10800,13,25.52,"{1017,10800,13,25.52},"
1017,10721,24,14.67,"{1017,10721,24,14.67},"
1017,10086,72,21.56,"{1017,10086,72,21.56},"
1017,10094,37,364.72,"{1017,10094,37,364.72},"
1018,10417,41,85.44,"{1018,10417,41,85.44},"
1018,10247,12,62.2,"{1018,10247,12,62.2},"
1018,10373,86,373.26,"{1018,10373,86,373.26},"
1018,10684,85,278.95,"{1018,10684,85,278.95},"
1018,10983,81,56.83,"{1018,10983,81,56.83},"
1019,10564,71,16.3,"{1019,10564,71,16.3},"
1019,10070,50,144.25,"{1019,10070,50,144.25},"
1019,10823,85,44.87,"{1019,10823,85,44.87},"
1019,10454,14,494.8,"{1019,10454,14,494.8},"
1019,10706,97,476.66,"{1019,10706,97,476.66},"
1019,10400,17,249.07,"{1019,10400,17,249.07},"
1019,10353,22,341.56,"{1019,10353,22,341.56},"
1019,10799,34,348.44,"{1019,10799,34,348.44},"
1019,10566,51,18.47,"{1019,10566,51,18.47},"
1019,10135,49,128.12,"{1019,10135,49,128.12},"
1020,10038,95,33.95,"{1020,10038,95,33.95},"
1020,10339,94,52.88,"{1020,10339,94,52.88},"
1020,10208,45,243.74,"{1020,10208,45,243.74},"
1020,10363,91,354.3,"{1020,10363,91,354.3},"
1020,10246,63,239.77,"{1020,10246,63,239.77},"
1020,10397,27,105.79,"{1020,10397,27,105.79},"
1020,10904,27,28.3,"{1020,10904,27,28.3},"
1020,10948,98,178.99,"{1020,10948,98,178.99},"
1020,10736,68,149.9,"{1020,10736,68,149.9},"
1021,10197,46,338.17,"{1021,10197,46,338.17},"
1021,10922,11,58.88,"{1021,10922,11,58.88},"
1021,10983,53,56.83,"{1021,10983,53,56.83},"
1022,10394,64,310.57,"{1022,10394,64,310.57},"
1022,10970,56,193.46,"{1022,10970,56,193.46},"
1022,10393,70,275.46,"{1022,10393,70,275.46},"
1022,10684,72,278.95,"{1022,10684,72,278.95},"
1022,10884,44,481.56,"{1022,10884,44,481.56},"
1022,10176,65,289.92,"{1022,10176,65,289.92},"
1022,10128,73,251.12,"{1022,10128,73,251.12},"
1023,10474,51,421.47,"{1023,10474,51,421.47},"
1023,10149,100,175.86,"{1023,10149,100,175.86},"
1023,10372,62,138.58,"{1023,10372,62,138.58},"
1023,10708,41,327.35,"{1023,10708,41,327.35},"
1023,10511,100,178.32,"{1023,10511,100,178.32},"
1023,10937,10,72.33,"{1023,10937,10,72.33},"
1023,10386,55,13.14,"{1023,10386,55,13.14},"
1023,10409,64,73.4,"{1023,10409,64,73.4},"
1023,10925,37,356.18,"{1023,10925,37,356.18},"
1023,10657,17,322.93,"{1023,10657,17,322.93},"
1024,10591,88,158,"{1024,10591,88,158},"
1024,10836,26,52.42,"{1024,10836,26,52.42},"
1024,10519,59,298.09,"{1024,10519,59,298.09},"
1024,10306,81,71.47,"{1024,10306,81,71.47},"
1024,10270,87,97.16,"{1024,10270,87,97.16},"
1024,10148,76,132.72,"{1024,10148,76,132.72},"
1024,10571,82,72.91,"{1024,10571,82,72.91},"
1024,10781,61,442.52,"{1024,10781,61,442.52},"
1025,10740,59,18.89,"{1025,10740,59,18.89},"
1025,10662,45,15.77,"{1025,10662,45,15.77},"
1025,10156,85,469.2,"{1025,10156,85,469.2},"
1025,10787,46,345.06,"{1025,10787,46,345.06},"
1025,10053,20,61.9,"{1025,10053,20,61.9},"
1025,10480,50,382.42,"{1025,10480,50,382.42},"
1025,10328,33,69.21,"{1025,10328,33,69.21},"
1025,10828,22,246.81,"{1025,10828,22,246.81},"
1025,10746,16,376.42,"{1025,10746,16,376.42},"
1026,10171,30,27.77,"{1026,10171,30,27.77},"
1026,10465,34,21.56,"{1026,10465,34,21.56},"
1026,10191,95,105.99,"{1026,10191,95,105.99},"
1027,10221,15,462.53,"{1027,10221,15,462.53},"
1027,10118,10,484.45,"{1027,10118,10,484.45},"
1027,10523,98,477.42,"{1027,10523,98,477.42},"
1027,10389,26,111.4,"{1027,10389,26,111.4},"
1027,10341,23,414.77,"{1027,10341,23,414.77},"
1027,10391,83,426.15,"{1027,10391,83,426.15},"
1027,10035,42,305.27,"{1027,10035,42,305.27},"
1027,10901,82,327.24,"{1027,10901,82,327.24},"
1027,10263,28,114.88,"{1027,10263,28,114.88},"
1028,10655,72,343.01,"{1028,10655,72,343.01},"
1028,10497,43,214.45,"{1028,10497,43,214.45},"
1028,10678,30,329.05,"{1028,10678,30,329.05},"
1028,10993,84,127.65,"{1028,10993,84,127.65},"
1028,10960,96,379.19,"{1028,10960,96,379.19},"
1028,10774,91,336.26,"{1028,10774,91,336.26},"
1028,10480,40,382.42,"{1028,10480,40,382.42},"
1029,10173,76,18.95,"{1029,10173,76,18.95},"
1029,10711,74,192.79,"{1029,10711,74,192.79},"
1029,10675,29,471.63,"{1029,10675,29,471.63},"
1029,10563,22,254.08,"{1029,10563,22,254.08},"
1029,10776,38,434.28,"{1029,10776,38,434.28},"
1029,10336,63,477.65,"{1029,10336,63,477.65},"
1029,10971,40,253.75,"{1029,10971,40,253.75},"
1029,10639,92,405.25,"{1029,10639,92,405.25},"
1029,10725,18,91.19,"{1029,10725,18,91.19},"
1030,10322,96,121.92,"{1030,10322,96,121.92},"
1030,10921,43,453.92,"{1030,10921,43,453.92},"
1030,10060,15,246.72,"{1030,10060,15,246.72},"
1030,10208,82,243.74,"{1030,10208,82,243.74},"
1030,10069,81,259.73,"{1030,10069,81,259.73},"
1030,10981,90,95.65,"{1030,10981,90,95.65},"
1030,10277,51,327.74,"{1030,10277,51,327.74},"
1030,10885,26,358.25,"{1030,10885,26,358.25},"
1031,10952,48,391.33,"{1031,10952,48,391.33},"
1031,10556,93,74.12,"{1031,10556,93,74.12},"
1031,10630,86,451.8,"{1031,10630,86,451.8},"
1031,10182,81,175.76,"{1031,10182,81,175.76},"
1031,10126,50,44.54,"{1031,10126,50,44.54},"
1031,10463,39,420.09,"{1031,10463,39,420.09},"
1031,10102,97,165.21,"{1031,10102,97,165.21},"
1031,10026,56,494.34,"{1031,10026,56,494.34},"
1032,10087,40,366.75,"{1032,10087,40,366.75},"
1032,10030,89,340.41,"{1032,10030,89,340.41},"
1032,10431,33,138.54,"{1032,10431,33,138.54},"
1032,10137,47,195.78,"{1032,10137,47,195.78},"
1032,10760,37,282.82,"{1032,10760,37,282.82},"
1032,10829,28,84.67,"{1032,10829,28,84.67},"
1032,10954,81,114.42,"{1032,10954,81,114.42},"
1032,10308,94,206.37,"{1032,10308,94,206.37},"
1032,10051,39,254.64,"{1032,10051,39,254.64},"
1033,10575,78,83.1,"{1033,10575,78,83.1},"
1033,10177,12,65.09,"{1033,10177,12,65.09},"
1033,10809,53,191.68,"{1033,10809,53,191.68},"
1033,10064,97,179.47,"{1033,10064,97,179.47},"
1034,10222,94,78.84,"{1034,10222,94,78.84},"
1034,10515,25,298.36,"{1034,10515,25,298.36},"
1034,10645,57,123.16,"{1034,10645,57,123.16},"
1034,10436,28,490.3,"{1034,10436,28,490.3},"
1035,10905,90,269.43,"{1035,10905,90,269.43},"
1035,10726,70,362.86,"{1035,10726,70,362.86},"
1035,10281,82,52.4,"{1035,10281,82,52.4},"
1035,10556,26,74.12,"{1035,10556,26,74.12},"
1035,10750,92,302.81,"{1035,10750,92,302.81},"
1035,10077,18,27.11,"{1035,10077,18,27.11},"
1035,10366,56,255.86,"{1035,10366,56,255.86},"
1036,10038,28,33.95,"{1036,10038,28,33.95},"
1036,10396,38,296.8,"{1036,10396,38,296.8},"
1036,10249,68,17.64,"{1036,10249,68,17.64},"
1036,10878,58,128.71,"{1036,10878,58,128.71},"
1036,10560,43,417.24,"{1036,10560,43,417.24},"
1036,10303,55,189.92,"{1036,10303,55,189.92},"
1036,10922,56,58.88,"{1036,10922,56,58.88},"
1036,10058,50,101.94,"{1036,10058,50,101.94},"
1036,10805,91,41.17,"{1036,10805,91,41.17},"
1037,10899,58,144.61,"{1037,10899,58,144.61},"
1037,10579,58,35.61,"{1037,10579,58,35.61},"
1037,10415,23,332.64,"{1037,10415,23,332.64},"
1037,10121,100,25.05,"{1037,10121,100,25.05},"
1037,10802,74,47.75,"{1037,10802,74,47.75},"
1037,10212,91,497.51,"{1037,10212,91,497.51},"
1037,10005,54,476.49,"{1037,10005,54,476.49},"
1037,10472,27,474.43,"{1037,10472,27,474.43},"
1037,10530,40,322.74,"{1037,10530,40,322.74},"
1038,10169,93,47.86,"{1038,10169,93,47.86},"
1038,10645,35,123.16,"{1038,10645,35,123.16},"
1038,10209,58,360.83,"{1038,10209,58,360.83},"
1038,10987,64,95.04,"{1038,10987,64,95.04},"
1038,10785,15,361.31,"{1038,10785,15,361.31},"
1038,10994,66,399,"{1038,10994,66,399},"
1038,10287,66,365.5,"{1038,10287,66,365.5},"
1038,10486,32,87.86,"{1038,10486,32,87.86},"
1038,10609,88,240.91,"{1038,10609,88,240.91},"
1039,10850,39,453.5,"{1039,10850,39,453.5},"
1039,10770,31,173.84,"{1039,10770,31,173.84},"
1039,10220,84,81.47,"{1039,10220,84,81.47},"
1039,10191,96,105.99,"{1039,10191,96,105.99},"
1039,10020,47,156.99,"{1039,10020,47,156.99},"
1039,10948,74,178.99,"{1039,10948,74,178.99},"
1039,10075,42,341.13,"{1039,10075,42,341.13},"
1039,10040,63,165.18,"{1039,10040,63,165.18},"
1039,10269,65,107.09,"{1039,10269,65,107.09},"
1039,10125,72,277.59,"{1039,10125,72,277.59},"
1040,10328,13,69.21,"{1040,10328,13,69.21},"
1040,10295,62,61.31,"{1040,10295,62,61.31},"
1040,10127,38,30.43,"{1040,10127,38,30.43},"
1040,10130,67,202.3,"{1040,10130,67,202.3},"
1040,10645,12,123.16,"{1040,10645,12,123.16},"
1040,10743,51,14.12,"{1040,10743,51,14.12},"
1041,10206,42,249.91,"{1041,10206,42,249.91},"
1041,10260,43,442.23,"{1041,10260,43,442.23},"
1041,10696,52,336.59,"{1041,10696,52,336.59},"
1041,10056,42,100.19,"{1041,10056,42,100.19},"
1042,10763,29,489.23,"{1042,10763,29,489.23},"
1042,10479,60,255.98,"{1042,10479,60,255.98},"
1042,10101,42,299.97,"{1042,10101,42,299.97},"
1042,10965,66,29.87,"{1042,10965,66,29.87},"
1042,10247,55,62.2,"{1042,10247,55,62.2},"
1042,10181,34,190.84,"{1042,10181,34,190.84},"
1043,10053,88,61.9,"{1043,10053,88,61.9},"
1043,10878,39,128.71,"{1043,10878,39,128.71},"
1043,10906,82,272.58,"{1043,10906,82,272.58},"
1043,10972,82,406.42,"{1043,10972,82,406.42},"
1043,10088,84,397.06,"{1043,10088,84,397.06},"
1043,10485,50,447.57,"{1043,10485,50,447.57},"
1043,10239,87,223.73,"{1043,10239,87,223.73},"
1043,10973,68,337.45,"{1043,10973,68,337.45},"
1043,10378,42,435.66,"{1043,10378,42,435.66},"
1044,10273,89,437.24,"{1044,10273,89,437.24},"
1044,10794,77,222.41,"{1044,10794,77,222.41},"
1044,10121,21,25.05,"{1044,10121,21,25.05},"
1044,10057,67,293.03,"{1044,10057,67,293.03},"
1044,10677,43,182.71,"{1044,10677,43,182.71},"
1045,10095,52,262.65,"{1045,10095,52,262.65},"
1045,10694,58,206.43,"{1045,10694,58,206.43},"
1045,10918,24,162.92,"{1045,10918,24,162.92},"
1045,10995,10,113.2,"{1045,10995,10,113.2},"
1045,10491,50,493.86,"{1045,10491,50,493.86},"
1045,10087,50,366.75,"{1045,10087,50,366.75},"
1045,10488,54,264.67,"{1045,10488,54,264.67},"
1045,10725,18,91.19,"{1045,10725,18,91.19},"
1045,10732,60,149.12,"{1045,10732,60,149.12},"
1045,10372,45,138.58,"{1045,10372,45,138.58},"
1046,10619,13,146.83,"{1046,10619,13,146.83},"
1046,10539,46,313.21,"{1046,10539,46,313.21},"
1046,10899,53,144.61,"{1046,10899,53,144.61},"
1046,10524,52,286.99,"{1046,10524,52,286.99},"
1046,10258,98,199.04,"{1046,10258,98,199.04},"
1046,10127,33,30.43,"{1046,10127,33,30.43},"
1046,10050,99,313.91,"{1046,10050,99,313.91},"
1046,10939,50,347.71,"{1046,10939,50,347.71},"
1046,10120,36,262.98,"{1046,10120,36,262.98},"
1046,10195,99,226.57,"{1046,10195,99,226.57},"
1047,10098,21,48.15,"{1047,10098,21,48.15},"
1047,10052,23,332.97,"{1047,10052,23,332.97},"
1047,10917,81,20.94,"{1047,10917,81,20.94},"
1048,10430,66,93.12,"{1048,10430,66,93.12},"
1048,10122,98,219.53,"{1048,10122,98,219.53},"
1048,10015,84,326.73,"{1048,10015,84,326.73},"
1048,10188,72,81.06,"{1048,10188,72,81.06},"
1049,10526,86,96.54,"{1049,10526,86,96.54},"
1049,10576,18,198.08,"{1049,10576,18,198.08},"
1049,10076,92,36.1,"{1049,10076,92,36.1},"
1049,10305,62,252.32,"{1049,10305,62,252.32},"
1049,10623,20,37.09,"{1049,10623,20,37.09},"
1049,10486,25,87.86,"{1049,10486,25,87.86},"
1049,10987,69,95.04,"{1049,10987,69,95.04},"
1050,10218,18,310.06,"{1050,10218,18,310.06},"
1050,10251,91,126.2,"{1050,10251,91,126.2},"
1050,10565,39,95.75,"{1050,10565,39,95.75},"
1050,10375,11,196.15,"{1050,10375,11,196.15},"
1050,10214,40,134.77,"{1050,10214,40,134.77},"
1050,10905,54,269.43,"{1050,10905,54,269.43},"
1050,10944,91,453.21,"{1050,10944,91,453.21},"
1050,10057,88,293.03,"{1050,10057,88,293.03},"
1050,10797,45,460.54,"{1050,10797,45,460.54},"
1050,10937,35,72.33,"{1050,10937,35,72.33},"
1051,10350,74,174.76,"{1051,10350,74,174.76},"
1051,10554,70,482.35,"{1051,10554,70,482.35},"
1051,10744,99,268.23,"{1051,10744,99,268.23},"
1051,10145,14,94.72,"{1051,10145,14,94.72},"
1051,10765,61,293.46,"{1051,10765,61,293.46},"
1051,10386,55,13.14,"{1051,10386,55,13.14},"
1051,10795,51,274.69,"{1051,10795,51,274.69},"
1051,10801,67,324,"{1051,10801,67,324},"
1052,10265,80,242.21,"{1052,10265,80,242.21},"
1052,10369,32,314.05,"{1052,10369,32,314.05},"
1052,10341,86,414.77,"{1052,10341,86,414.77},"
1052,10845,24,213.43,"{1052,10845,24,213.43},"
1052,10560,90,417.24,"{1052,10560,90,417.24},"
1053,10607,95,69.24,"{1053,10607,95,69.24},"
1053,10875,88,200.36,"{1053,10875,88,200.36},"
1053,10248,27,83.02,"{1053,10248,27,83.02},"
1053,10604,85,428.8,"{1053,10604,85,428.8},"
1053,10656,76,140.76,"{1053,10656,76,140.76},"
1053,10422,31,188.54,"{1053,10422,31,188.54},"
1053,10900,67,451.68,"{1053,10900,67,451.68},"
1053,10447,22,227.77,"{1053,10447,22,227.77},"
1054,10319,52,23.18,"{1054,10319,52,23.18},"
1054,10268,44,27.49,"{1054,10268,44,27.49},"
1054,10262,58,480.46,"{1054,10262,58,480.46},"
1054,10994,77,399,"{1054,10994,77,399},"
1054,10139,63,35.73,"{1054,10139,63,35.73},"
1054,10199,97,325.61,"{1054,10199,97,325.61},"
1055,10649,60,44.06,"{1055,10649,60,44.06},"
1055,10774,50,336.26,"{1055,10774,50,336.26},"
1055,10834,68,292.35,"{1055,10834,68,292.35},"
1055,10254,99,351.91,"{1055,10254,99,351.91},"
1055,10775,42,124.43,"{1055,10775,42,124.43},"
1056,10375,79,196.15,"{1056,10375,79,196.15},"
1056,10629,74,260.16,"{1056,10629,74,260.16},"
1056,10618,40,458.28,"{1056,10618,40,458.28},"
1056,10418,61,282.01,"{1056,10418,61,282.01},"
1056,10435,96,366.43,"{1056,10435,96,366.43},"
1057,10063,80,335.34,"{1057,10063,80,335.34},"
1057,10196,11,131.79,"{1057,10196,11,131.79},"
1057,10799,28,348.44,"{1057,10799,28,348.44},"
1058,10100,14,436.08,"{1058,10100,14,436.08},"
1058,10964,33,225.89,"{1058,10964,33,225.89},"
1058,10415,82,332.64,"{1058,10415,82,332.64},"
1058,10347,23,104.71,"{1058,10347,23,104.71},"
1058,10536,46,32.29,"{1058,10536,46,32.29},"
1059,10591,51,158,"{1059,10591,51,158},"
1059,10465,69,21.56,"{1059,10465,69,21.56},"
1059,10096,57,220.17,"{1059,10096,57,220.17},"
1059,10409,89,73.4,"{1059,10409,89,73.4},"
1059,10584,67,368.58,"{1059,10584,67,368.58},"
1059,10946,43,165.21,"{1059,10946,43,165.21},"
1060,10293,69,237.98,"{1060,10293,69,237.98},"
1060,10704,25,451.58,"{1060,10704,25,451.58},"
1060,10827,57,352.43,"{1060,10827,57,352.43},"
1060,10984,93,410.58,"{1060,10984,93,410.58},"
1060,10882,98,238.65,"{1060,10882,98,238.65},"
1060,10467,42,14.97,"{1060,10467,42,14.97},"
1060,10659,29,15.88,"{1060,10659,29,15.88},"
1060,10574,94,465.6,"{1060,10574,94,465.6},"
1061,10084,60,477.66,"{1061,10084,60,477.66},"
1061,10428,12,261.91,"{1061,10428,12,261.91},"
1061,10292,65,358.22,"{1061,10292,65,358.22},"
1061,10038,50,33.95,"{1061,10038,50,33.95},"
1061,10531,53,243.73,"{1061,10531,53,243.73},"
1061,10679,66,307.2,"{1061,10679,66,307.2},"
1061,10267,98,142.99,"{1061,10267,98,142.99},"
1061,10972,59,406.42,"{1061,10972,59,406.42},"
1062,10508,46,162.68,"{1062,10508,46,162.68},"
1062,10897,39,365.74,"{1062,10897,39,365.74},"
1062,10673,64,466.42,"{1062,10673,64,466.42},"
1062,10190,71,409.95,"{1062,10190,71,409.95},"
1062,10145,25,94.72,"{1062,10145,25,94.72},"
1062,10572,40,430.31,"{1062,10572,40,430.31},"
1062,10710,60,274.66,"{1062,10710,60,274.66},"
1063,10990,91,276.92,"{1063,10990,91,276.92},"
1063,10630,40,451.8,"{1063,10630,40,451.8},"
1063,10472,42,474.43,"{1063,10472,42,474.43},"
1063,10819,100,452.04,"{1063,10819,100,452.04},"
1063,10593,66,225.09,"{1063,10593,66,225.09},"
1063,10827,54,352.43,"{1063,10827,54,352.43},"
1063,10644,17,343.27,"{1063,10644,17,343.27},"
1063,10198,70,354.71,"{1063,10198,70,354.71},"
1063,10854,25,466.12,"{1063,10854,25,466.12},"
1063,10516,49,449.38,"{1063,10516,49,449.38},"
1064,10497,91,214.45,"{1064,10497,91,214.45},"
1064,10101,64,299.97,"{1064,10101,64,299.97},"
1064,10710,30,274.66,"{1064,10710,30,274.66},"
1064,10975,63,342.27,"{1064,10975,63,342.27},"
1065,10029,12,135.03,"{1065,10029,12,135.03},"
1065,10653,89,449.04,"{1065,10653,89,449.04},"
1065,10521,49,277.83,"{1065,10521,49,277.83},"
1065,10542,91,298.03,"{1065,10542,91,298.03},"
1065,10425,56,293.85,"{1065,10425,56,293.85},"
1065,10820,46,200.4,"{1065,10820,46,200.4},"
1065,10282,44,390.49,"{1065,10282,44,390.49},"
1066,10396,83,296.8,"{1066,10396,83,296.8},"
1066,10783,14,187.09,"{1066,10783,14,187.09},"
1066,10425,91,293.85,"{1066,10425,91,293.85},"
1066,10448,59,70.66,"{1066,10448,59,70.66},"
1066,10028,87,116.72,"{1066,10028,87,116.72},"
1067,10083,93,273.73,"{1067,10083,93,273.73},"
1067,10761,57,22.81,"{1067,10761,57,22.81},"
1067,10356,33,364.97,"{1067,10356,33,364.97},"
1067,10145,91,94.72,"{1067,10145,91,94.72},"
1067,10800,42,25.52,"{1067,10800,42,25.52},"
1067,10984,68,410.58,"{1067,10984,68,410.58},"
1067,10006,13,249.82,"{1067,10006,13,249.82},"
1067,10177,52,65.09,"{1067,10177,52,65.09},"
1067,10220,75,81.47,"{1067,10220,75,81.47},"
1067,10628,13,62.98,"{1067,10628,13,62.98},"
1068,10737,91,360.62,"{1068,10737,91,360.62},"
1068,10157,13,296.76,"{1068,10157,13,296.76},"
1068,10585,61,319.75,"{1068,10585,61,319.75},"
1068,10154,55,69.53,"{1068,10154,55,69.53},"
1068,11000,24,100.17,"{1068,11000,24,100.17},"
1069,10393,40,275.46,"{1069,10393,40,275.46},"
1069,10077,47,27.11,"{1069,10077,47,27.11},"
1069,10386,59,13.14,"{1069,10386,59,13.14},"
1069,10943,43,363.89,"{1069,10943,43,363.89},"
1070,10129,37,204.67,"{1070,10129,37,204.67},"
1070,10548,99,319.14,"{1070,10548,99,319.14},"
1070,10714,47,254.59,"{1070,10714,47,254.59},"
1070,10433,22,253.99,"{1070,10433,22,253.99},"
1070,10761,16,22.81,"{1070,10761,16,22.81},"
1070,10878,49,128.71,"{1070,10878,49,128.71},"
1070,10743,72,14.12,"{1070,10743,72,14.12},"
1070,10609,59,240.91,"{1070,10609,59,240.91},"
1071,10209,68,360.83,"{1071,10209,68,360.83},"
1071,10794,44,222.41,"{1071,10794,44,222.41},"
1071,10388,31,251.13,"{1071,10388,31,251.13},"
1071,10259,36,37.94,"{1071,10259,36,37.94},"
1071,10319,93,23.18,"{1071,10319,93,23.18},"
1071,10036,53,287.87,"{1071,10036,53,287.87},"
1071,10932,93,182.01,"{1071,10932,93,182.01},"
1071,10241,76,307.94,"{1071,10241,76,307.94},"
1071,10020,85,156.99,"{1071,10020,85,156.99},"
1072,10052,81,332.97,"{1072,10052,81,332.97},"
1072,10126,30,44.54,"{1072,10126,30,44.54},"
1072,10468,85,157.24,"{1072,10468,85,157.24},"
1072,10061,70,112.52,"{1072,10061,70,112.52},"
1072,10785,77,361.31,"{1072,10785,77,361.31},"
1072,10290,34,248.05,"{1072,10290,34,248.05},"
1072,10447,90,227.77,"{1072,10447,90,227.77},"
1072,10950,27,259.41,"{1072,10950,27,259.41},"
1072,10585,15,319.75,"{1072,10585,15,319.75},"
1073,10982,54,61.4,"{1073,10982,54,61.4},"
1073,10404,83,239.24,"{1073,10404,83,239.24},"
1073,10254,72,351.91,"{1073,10254,72,351.91},"
1073,10715,11,455.33,"{1073,10715,11,455.33},"
1074,10389,52,111.4,"{1074,10389,52,111.4},"
1074,10890,41,34.92,"{1074,10890,41,34.92},"
1074,10697,93,309.1,"{1074,10697,93,309.1},"
1074,10667,57,18.78,"{1074,10667,57,18.78},"
1074,10358,49,51.14,"{1074,10358,49,51.14},"
1074,10084,20,477.66,"{1074,10084,20,477.66},"
1074,10302,55,38.66,"{1074,10302,55,38.66},"
1074,10201,95,349.15,"{1074,10201,95,349.15},"
1075,10729,31,386.69,"{1075,10729,31,386.69},"
1075,10115,73,41.67,"{1075,10115,73,41.67},"
1075,10517,82,146.52,"{1075,10517,82,146.52},"
1075,10075,23,341.13,"{1075,10075,23,341.13},"
1075,10239,54,223.73,"{1075,10239,54,223.73},"
1075,10885,95,358.25,"{1075,10885,95,358.25},"
1075,10884,61,481.56,"{1075,10884,61,481.56},"
1076,10804,48,134.15,"{1076,10804,48,134.15},"
1076,10466,74,144.39,"{1076,10466,74,144.39},"
1076,10479,61,255.98,"{1076,10479,61,255.98},"
1076,10035,45,305.27,"{1076,10035,45,305.27},"
1076,10665,82,37.03,"{1076,10665,82,37.03},"
1076,10818,100,20.22,"{1076,10818,100,20.22},"
1076,10323,58,185.39,"{1076,10323,58,185.39},"
1076,10382,64,209.7,"{1076,10382,64,209.7},"
1077,10236,66,412.17,"{1077,10236,66,412.17},"
1077,10457,18,396.5,"{1077,10457,18,396.5},"
1077,10221,22,462.53,"{1077,10221,22,462.53},"
1077,10131,67,368.75,"{1077,10131,67,368.75},"
1078,10212,58,497.51,"{1078,10212,58,497.51},"
1078,10356,58,364.97,"{1078,10356,58,364.97},"
1078,10888,22,11.88,"{1078,10888,22,11.88},"
1078,10208,99,243.74,"{1078,10208,99,243.74},"
1078,10150,71,340.33,"{1078,10150,71,340.33},"
1079,10355,28,209.48,"{1079,10355,28,209.48},"
1079,10046,65,392.81,"{1079,10046,65,392.81},"
1079,10449,76,304.18,"{1079,10449,76,304.18},"
1079,10020,28,156.99,"{1079,10020,28,156.99},"
1079,10139,15,35.73,"{1079,10139,15,35.73},"
1079,10811,61,152.48,"{1079,10811,61,152.48},"
1079,10754,70,395.36,"{1079,10754,70,395.36},"
1079,10353,37,341.56,"{1079,10353,37,341.56},"
1080,10347,56,104.71,"{1080,10347,56,104.71},"
1080,10502,98,174.61,"{1080,10502,98,174.61},"
1080,10054,47,272.93,"{1080,10054,47,272.93},"
1080,10991,79,157.49,"{1080,10991,79,157.49},"
1081,10418,11,282.01,"{1081,10418,11,282.01},"
1081,10714,94,254.59,"{1081,10714,94,254.59},"
1081,10855,43,39.96,"{1081,10855,43,39.96},"
1081,10875,48,200.36,"{1081,10875,48,200.36},"
1082,10890,84,34.92,"{1082,10890,84,34.92},"
1082,10798,75,298.74,"{1082,10798,75,298.74},"
1082,10444,87,228.26,"{1082,10444,87,228.26},"
1082,10361,41,94.01,"{1082,10361,41,94.01},"
1082,10480,95,382.42,"{1082,10480,95,382.42},"
1082,10668,88,41.87,"{1082,10668,88,41.87},"
1082,10968,28,184.68,"{1082,10968,28,184.68},"
1082,10017,37,219.75,"{1082,10017,37,219.75},"
1082,10920,28,120.26,"{1082,10920,28,120.26},"
1082,10722,43,471.1,"{1082,10722,43,471.1},"
1083,10906,84,272.58,"{1083,10906,84,272.58},"
1083,10154,72,69.53,"{1083,10154,72,69.53},"
1083,10075,57,341.13,"{1083,10075,57,341.13},"
1083,10562,90,318.23,"{1083,10562,90,318.23},"
1083,10827,65,352.43,"{1083,10827,65,352.43},"
1083,10274,72,47.64,"{1083,10274,72,47.64},"
1083,10826,74,53.8,"{1083,10826,74,53.8},"
1083,10365,84,482.18,"{1083,10365,84,482.18},"
1083,10993,51,127.65,"{1083,10993,51,127.65},"
1083,10871,72,475.39,"{1083,10871,72,475.39},"
1084,10163,14,343.91,"{1084,10163,14,343.91},"
1084,10608,45,383.36,"{1084,10608,45,383.36},"
1084,10076,70,36.1,"{1084,10076,70,36.1},"
1085,10718,49,263.88,"{1085,10718,49,263.88},"
1085,10528,52,449.4,"{1085,10528,52,449.4},"
1085,10218,56,310.06,"{1085,10218,56,310.06},"
1085,10182,70,175.76,"{1085,10182,70,175.76},"
1085,10769,72,171.77,"{1085,10769,72,171.77},"
1085,10699,100,370.99,"{1085,10699,100,370.99},"
1086,10212,34,497.51,"{1086,10212,34,497.51},"
1086,10450,60,183,"{1086,10450,60,183},"
1086,10514,85,111.14,"{1086,10514,85,111.14},"
1086,10318,87,118.48,"{1086,10318,87,118.48},"
1086,10346,88,310.8,"{1086,10346,88,310.8},"
1086,10645,46,123.16,"{1086,10645,46,123.16},"
1086,10186,89,454.33,"{1086,10186,89,454.33},"
1086,10923,52,186.54,"{1086,10923,52,186.54},"
1086,10693,19,115.94,"{1086,10693,19,115.94},"
1086,10590,79,18.98,"{1086,10590,79,18.98},"
1087,10080,78,362.34,"{1087,10080,78,362.34},"
1087,10093,38,488.52,"{1087,10093,38,488.52},"
1087,10879,23,462.89,"{1087,10879,23,462.89},"
1087,10557,64,232.26,"{1087,10557,64,232.26},"
1087,10861,80,312.79,"{1087,10861,80,312.79},"
1088,10811,30,152.48,"{1088,10811,30,152.48},"
1088,10548,11,319.14,"{1088,10548,11,319.14},"
1088,10179,52,454.78,"{1088,10179,52,454.78},"
1089,10882,67,238.65,"{1089,10882,67,238.65},"
1089,10275,64,202.86,"{1089,10275,64,202.86},"
1089,10341,89,414.77,"{1089,10341,89,414.77},"
1089,10927,53,109.3,"{1089,10927,53,109.3},"
1090,10680,58,12.16,"{1090,10680,58,12.16},"
1090,10889,76,333.83,"{1090,10889,76,333.83},"
1090,10917,17,20.94,"{1090,10917,17,20.94},"
1090,10806,58,478.62,"{1090,10806,58,478.62},"
1090,10875,94,200.36,"{1090,10875,94,200.36},"
1090,10535,72,90.88,"{1090,10535,72,90.88},"
1090,10069,64,259.73,"{1090,10069,64,259.73},"
1090,10625,80,122.87,"{1090,10625,80,122.87},"
1090,10978,41,167.87,"{1090,10978,41,167.87},"
1091,10813,21,135.24,"{1091,10813,21,135.24},"
1091,10479,57,255.98,"{1091,10479,57,255.98},"
1091,10388,15,251.13,"{1091,10388,15,251.13},"
1091,10678,81,329.05,"{1091,10678,81,329.05},"
1091,10088,26,397.06,"{1091,10088,26,397.06},"
1091,10814,41,324.73,"{1091,10814,41,324.73},"
1091,10642,34,296.68,"{1091,10642,34,296.68},"
1091,10034,11,89.13,"{1091,10034,11,89.13},"
1091,10243,10,387.99,"{1091,10243,10,387.99},"
1091,10498,48,313.4,"{1091,10498,48,313.4},"
1092,10366,46,255.86,"{1092,10366,46,255.86},"
1092,10519,59,298.09,"{1092,10519,59,298.09},"
1092,10949,16,413.45,"{1092,10949,16,413.45},"
1092,10225,21,343.79,"{1092,10225,21,343.79},"
1092,10034,14,89.13,"{1092,10034,14,89.13},"
1092,10977,82,90.24,"{1092,10977,82,90.24},"
1092,10714,28,254.59,"{1092,10714,28,254.59},"
1092,10573,16,59.58,"{1092,10573,16,59.58},"
1092,10008,53,474.13,"{1092,10008,53,474.13},"
1093,10613,87,443.08,"{1093,10613,87,443.08},"
1093,10348,53,318.41,"{1093,10348,53,318.41},"
1093,10376,96,159.6,"{1093,10376,96,159.6},"
1093,10142,71,442.69,"{1093,10142,71,442.69},"
1093,10212,65,497.51,"{1093,10212,65,497.51},"
1093,10276,33,156.04,"{1093,10276,33,156.04},"
1093,10852,60,292.3,"{1093,10852,60,292.3},"
1094,10319,78,23.18,"{1094,10319,78,23.18},"
1094,10745,74,209.66,"{1094,10745,74,209.66},"
1094,10503,85,240.01,"{1094,10503,85,240.01},"
1094,10897,58,365.74,"{1094,10897,58,365.74},"
1094,10812,93,199.83,"{1094,10812,93,199.83},"
1094,10561,26,418.38,"{1094,10561,26,418.38},"
1094,10930,46,393.83,"{1094,10930,46,393.83},"
1094,10424,97,471.85,"{1094,10424,97,471.85},"
1094,10654,18,202.18,"{1094,10654,18,202.18},"
1095,10251,33,126.2,"{1095,10251,33,126.2},"
1095,10988,28,381.59,"{1095,10988,28,381.59},"
1095,10553,34,15.25,"{1095,10553,34,15.25},"
1095,10795,39,274.69,"{1095,10795,39,274.69},"
1096,10509,31,462.97,"{1096,10509,31,462.97},"
1096,10427,83,308.65,"{1096,10427,83,308.65},"
1096,10655,16,343.01,"{1096,10655,16,343.01},"
1096,10937,30,72.33,"{1096,10937,30,72.33},"
1097,10379,100,344.17,"{1097,10379,100,344.17},"
1097,10438,43,253.54,"{1097,10438,43,253.54},"
1097,10851,80,41.48,"{1097,10851,80,41.48},"
1097,10771,99,141.25,"{1097,10771,99,141.25},"
1097,10455,59,136.23,"{1097,10455,59,136.23},"
1097,10844,48,429.69,"{1097,10844,48,429.69},"
1097,10061,73,112.52,"{1097,10061,73,112.52},"
1098,10170,44,225.4,"{1098,10170,44,225.4},"
1098,10334,47,342.99,"{1098,10334,47,342.99},"
1098,10945,76,178.21,"{1098,10945,76,178.21},"
1098,10427,22,308.65,"{1098,10427,22,308.65},"
1098,10830,33,312.93,"{1098,10830,33,312.93},"
1098,10919,50,143.64,"{1098,10919,50,143.64},"
1099,10525,56,433.14,"{1099,10525,56,433.14},"
1099,10511,41,178.32,"{1099,10511,41,178.32},"
1099,10001,24,253.45,"{1099,10001,24,253.45},"
1099,10765,52,293.46,"{1099,10765,52,293.46},"
1099,10079,33,205.45,"{1099,10079,33,205.45},"
1099,10858,17,340.52,"{1099,10858,17,340.52},"
1099,10379,78,344.17,"{1099,10379,78,344.17},"
1099,10922,24,58.88,"{1099,10922,24,58.88},"
1099,10864,51,251.79,"{1099,10864,51,251.79},"
1100,10729,57,386.69,"{1100,10729,57,386.69},"
1100,10615,93,490.65,"{1100,10615,93,490.65},"
1100,10971,83,253.75,"{1100,10971,83,253.75},"
1100,10058,93,101.94,"{1100,10058,93,101.94},"
1100,10512,36,78.61,"{1100,10512,36,78.61},"
1100,10856,95,477.63,"{1100,10856,95,477.63},"
1100,10138,65,463.17,"{1100,10138,65,463.17},"
1101,10121,67,25.05,"{1101,10121,67,25.05},"
1101,10151,35,256.67,"{1101,10151,35,256.67},"
1101,10633,21,279.13,"{1101,10633,21,279.13},"
1101,10411,17,409.5,"{1101,10411,17,409.5},"
1101,10436,68,490.3,"{1101,10436,68,490.3},"
1101,10764,19,470.77,"{1101,10764,19,470.77},"
1101,10448,87,70.66,"{1101,10448,87,70.66},"
1101,10740,78,18.89,"{1101,10740,78,18.89},"
1102,10421,76,72.4,"{1102,10421,76,72.4},"
1102,10714,90,254.59,"{1102,10714,90,254.59},"
1102,10773,41,25.97,"{1102,10773,41,25.97},"
1103,10716,38,149.26,"{1103,10716,38,149.26},"
1103,10311,69,207.18,"{1103,10311,69,207.18},"
1103,10133,34,81.19,"{1103,10133,34,81.19},"
1103,10367,66,109.44,"{1103,10367,66,109.44},"
1103,10776,48,434.28,"{1103,10776,48,434.28},"
1103,10005,50,476.49,"{1103,10005,50,476.49},"
1103,10748,56,300.58,"{1103,10748,56,300.58},"
1103,10737,57,360.62,"{1103,10737,57,360.62},"
1103,10568,32,58.71,"{1103,10568,32,58.71},"
1103,10297,33,120.75,"{1103,10297,33,120.75},"
1104,10011,65,357.67,"{1104,10011,65,357.67},"
1104,10430,31,93.12,"{1104,10430,31,93.12},"
1104,10914,87,247.04,"{1104,10914,87,247.04},"
1104,10213,26,107.72,"{1104,10213,26,107.72},"
1104,10945,39,178.21,"{1104,10945,39,178.21},"
1104,10023,100,35.48,"{1104,10023,100,35.48},"
1104,10089,19,241.67,"{1104,10089,19,241.67},"
1104,10123,78,480.95,"{1104,10123,78,480.95},"
1104,10857,96,415.24,"{1104,10857,96,415.24},"
1105,10727,18,465.36,"{1105,10727,18,465.36},"
1105,10863,33,68.26,"{1105,10863,33,68.26},"
1105,10640,19,433.78,"{1105,10640,19,433.78},"
1105,10045,28,279.9,"{1105,10045,28,279.9},"
1105,10387,30,288.03,"{1105,10387,30,288.03},"
1105,10935,86,392.02,"{1105,10935,86,392.02},"
1105,10381,90,61.81,"{1105,10381,90,61.81},"
1105,10429,62,262.65,"{1105,10429,62,262.65},"
1105,10742,50,16.56,"{1105,10742,50,16.56},"
1106,10441,38,58.61,"{1106,10441,38,58.61},"
1106,10144,89,414.92,"{1106,10144,89,414.92},"
1106,10400,35,249.07,"{1106,10400,35,249.07},"
1106,10822,31,441.82,"{1106,10822,31,441.82},"
1106,10129,91,204.67,"{1106,10129,91,204.67},"
1106,10972,90,406.42,"{1106,10972,90,406.42},"
1107,10307,35,454.98,"{1107,10307,35,454.98},"
1107,10603,98,145.96,"{1107,10603,98,145.96},"
1107,10584,65,368.58,"{1107,10584,65,368.58},"
1107,10210,72,264.95,"{1107,10210,72,264.95},"
1107,10998,59,349.77,"{1107,10998,59,349.77},"
1107,10097,38,15.27,"{1107,10097,38,15.27},"
1108,10911,27,173.43,"{1108,10911,27,173.43},"
1108,10588,17,101.05,"{1108,10588,17,101.05},"
1108,10761,69,22.81,"{1108,10761,69,22.81},"
1109,10862,30,167.52,"{1109,10862,30,167.52},"
1109,10368,59,353.86,"{1109,10368,59,353.86},"
1109,10293,22,237.98,"{1109,10293,22,237.98},"
1109,10228,71,481.96,"{1109,10228,71,481.96},"
1109,10285,14,393.9,"{1109,10285,14,393.9},"
1109,10615,86,490.65,"{1109,10615,86,490.65},"
1109,10891,49,47.01,"{1109,10891,49,47.01},"
1109,10542,33,298.03,"{1109,10542,33,298.03},"
1109,10892,22,305.43,"{1109,10892,22,305.43},"
1110,10027,15,474.41,"{1110,10027,15,474.41},"
1110,10462,20,252.11,"{1110,10462,20,252.11},"
1110,10557,72,232.26,"{1110,10557,72,232.26},"
1110,10743,74,14.12,"{1110,10743,74,14.12},"
1110,10923,40,186.54,"{1110,10923,40,186.54},"
1110,10833,75,441.79,"{1110,10833,75,441.79},"
1110,10634,17,182.51,"{1110,10634,17,182.51},"
1110,10789,22,116.1,"{1110,10789,22,116.1},"
1110,10087,91,366.75,"{1110,10087,91,366.75},"
1110,10133,77,81.19,"{1110,10133,77,81.19},"
1111,10091,82,339.81,"{1111,10091,82,339.81},"
1111,10994,96,399,"{1111,10994,96,399},"
1111,10865,80,134.72,"{1111,10865,80,134.72},"
1111,10338,50,143.93,"{1111,10338,50,143.93},"
1111,10661,34,80.12,"{1111,10661,34,80.12},"
1111,10572,50,430.31,"{1111,10572,50,430.31},"
1111,10892,81,305.43,"{1111,10892,81,305.43},"
1111,10126,25,44.54,"{1111,10126,25,44.54},"
1112,10548,41,319.14,"{1112,10548,41,319.14},"
1112,10499,45,287.62,"{1112,10499,45,287.62},"
1112,10664,36,67.08,"{1112,10664,36,67.08},"
1113,10835,69,127.52,"{1113,10835,69,127.52},"
1113,10279,58,361.79,"{1113,10279,58,361.79},"
1113,10766,69,297.61,"{1113,10766,69,297.61},"
1113,10449,48,304.18,"{1113,10449,48,304.18},"
1113,10153,33,259.3,"{1113,10153,33,259.3},"
1113,10666,23,32.22,"{1113,10666,23,32.22},"
1114,10762,36,407.09,"{1114,10762,36,407.09},"
1114,10375,34,196.15,"{1114,10375,34,196.15},"
1114,10361,41,94.01,"{1114,10361,41,94.01},"
1114,10616,11,459.71,"{1114,10616,11,459.71},"
1114,10133,69,81.19,"{1114,10133,69,81.19},"
1114,10201,47,349.15,"{1114,10201,47,349.15},"
1115,10846,21,397.75,"{1115,10846,21,397.75},"
1115,10932,79,182.01,"{1115,10932,79,182.01},"
1115,10879,25,462.89,"{1115,10879,25,462.89},"
1115,10403,38,94,"{1115,10403,38,94},"
1115,10766,51,297.61,"{1115,10766,51,297.61},"
1115,10144,96,414.92,"{1115,10144,96,414.92},"
1115,10845,19,213.43,"{1115,10845,19,213.43},"
1116,10839,31,75.8,"{1116,10839,31,75.8},"
1116,10967,37,142.8,"{1116,10967,37,142.8},"
1116,10072,43,223.27,"{1116,10072,43,223.27},"
1116,10602,84,55.72,"{1116,10602,84,55.72},"
1116,10291,19,92.83,"{1116,10291,19,92.83},"
1116,10053,60,61.9,"{1116,10053,60,61.9},"
1117,10288,60,319.33,"{1117,10288,60,319.33},"
1117,10962,66,46.4,"{1117,10962,66,46.4},"
1117,10838,59,158.78,"{1117,10838,59,158.78},"
1117,10846,50,397.75,"{1117,10846,50,397.75},"
1117,10482,58,188.91,"{1117,10482,58,188.91},"
1117,10951,12,166.11,"{1117,10951,12,166.11},"
1117,10661,64,80.12,"{1117,10661,64,80.12},"
1117,10580,69,395.94,"{1117,10580,69,395.94},"
1117,10613,25,443.08,"{1117,10613,25,443.08},"
1118,10350,96,174.76,"{1118,10350,96,174.76},"
1118,10175,71,194.52,"{1118,10175,71,194.52},"
1118,10417,25,85.44,"{1118,10417,25,85.44},"
1118,10594,16,276.24,"{1118,10594,16,276.24},"
1118,10003,11,189.95,"{1118,10003,11,189.95},"
1118,10040,79,165.18,"{1118,10040,79,165.18},"
1118,10824,60,405.65,"{1118,10824,60,405.65},"
1119,10271,52,155.58,"{1119,10271,52,155.58},"
1119,10975,87,342.27,"{1119,10975,87,342.27},"
1119,10819,46,452.04,"{1119,10819,46,452.04},"
1119,10886,73,290.01,"{1119,10886,73,290.01},"
1119,10233,24,176.85,"{1119,10233,24,176.85},"
1119,10440,95,362.7,"{1119,10440,95,362.7},"
1119,10869,78,308.83,"{1119,10869,78,308.83},"
1119,10630,23,451.8,"{1119,10630,23,451.8},"
1119,10718,55,263.88,"{1119,10718,55,263.88},"
1119,10681,18,364.5,"{1119,10681,18,364.5},"
1120,10964,96,225.89,"{1120,10964,96,225.89},"
1120,10076,84,36.1,"{1120,10076,84,36.1},"
1120,10691,46,167.91,"{1120,10691,46,167.91},"
1120,10745,49,209.66,"{1120,10745,49,209.66},"
1121,10989,36,271.3,"{1121,10989,36,271.3},"
1121,10747,40,267.11,"{1121,10747,40,267.11},"
1121,10654,59,202.18,"{1121,10654,59,202.18},"
1121,10324,37,245.35,"{1121,10324,37,245.35},"
1121,10764,25,470.77,"{1121,10764,25,470.77},"
1121,10320,14,198.05,"{1121,10320,14,198.05},"
1122,10849,95,364.97,"{1122,10849,95,364.97},"
1122,10921,13,453.92,"{1122,10921,13,453.92},"
1122,10944,46,453.21,"{1122,10944,46,453.21},"
1122,10059,88,60.54,"{1122,10059,88,60.54},"
1123,10315,29,263.56,"{1123,10315,29,263.56},"
1123,10060,17,246.72,"{1123,10060,17,246.72},"
1123,10740,30,18.89,"{1123,10740,30,18.89},"
1123,10562,93,318.23,"{1123,10562,93,318.23},"
1123,10116,29,24.3,"{1123,10116,29,24.3},"
1123,10848,10,432.52,"{1123,10848,10,432.52},"
1124,10103,36,188.89,"{1124,10103,36,188.89},"
1124,10329,43,148.08,"{1124,10329,43,148.08},"
1124,10085,16,480.45,"{1124,10085,16,480.45},"
1124,10334,41,342.99,"{1124,10334,41,342.99},"
1124,10183,54,330.76,"{1124,10183,54,330.76},"
1124,10702,52,223.25,"{1124,10702,52,223.25},"
1124,10644,93,343.27,"{1124,10644,93,343.27},"
1124,10409,52,73.4,"{1124,10409,52,73.4},"
1125,10922,75,58.88,"{1125,10922,75,58.88},"
1125,10008,13,474.13,"{1125,10008,13,474.13},"
1125,10493,17,339.2,"{1125,10493,17,339.2},"
1125,10421,95,72.4,"{1125,10421,95,72.4},"
1125,10909,84,404.07,"{1125,10909,84,404.07},"
1126,10319,80,23.18,"{1126,10319,80,23.18},"
1126,10301,95,167.47,"{1126,10301,95,167.47},"
1126,10687,100,89.37,"{1126,10687,100,89.37},"
1126,10514,48,111.14,"{1126,10514,48,111.14},"
1126,10226,42,461.58,"{1126,10226,42,461.58},"
1126,10144,66,414.92,"{1126,10144,66,414.92},"
1126,10228,50,481.96,"{1126,10228,50,481.96},"
1126,10277,39,327.74,"{1126,10277,39,327.74},"
1126,10449,98,304.18,"{1126,10449,98,304.18},"
1127,10596,84,405.92,"{1127,10596,84,405.92},"
1127,10714,60,254.59,"{1127,10714,60,254.59},"
1127,10890,29,34.92,"{1127,10890,29,34.92},"
1127,10166,64,334.36,"{1127,10166,64,334.36},"
1127,10756,45,427.68,"{1127,10756,45,427.68},"
1128,10416,37,345.22,"{1128,10416,37,345.22},"
1128,10045,26,279.9,"{1128,10045,26,279.9},"
1128,10822,83,441.82,"{1128,10822,83,441.82},"
1128,10752,69,41.34,"{1128,10752,69,41.34},"
1128,10657,69,322.93,"{1128,10657,69,322.93},"
1128,10705,13,194.56,"{1128,10705,13,194.56},"
1128,10285,45,393.9,"{1128,10285,45,393.9},"
1128,10149,57,175.86,"{1128,10149,57,175.86},"
1128,10350,63,174.76,"{1128,10350,63,174.76},"
1129,10650,67,240.52,"{1129,10650,67,240.52},"
1129,10022,13,341.6,"{1129,10022,13,341.6},"
1129,10072,71,223.27,"{1129,10072,71,223.27},"
1129,10416,68,345.22,"{1129,10416,68,345.22},"
1129,10519,17,298.09,"{1129,10519,17,298.09},"
1129,10183,41,330.76,"{1129,10183,41,330.76},"
1129,10114,84,143.56,"{1129,10114,84,143.56},"
1129,10369,58,314.05,"{1129,10369,58,314.05},"
1130,10217,22,152.87,"{1130,10217,22,152.87},"
1130,10486,21,87.86,"{1130,10486,21,87.86},"
1130,10381,45,61.81,"{1130,10381,45,61.81},"
1130,10620,38,491.17,"{1130,10620,38,491.17},"
1130,10178,97,405.4,"{1130,10178,97,405.4},"
1130,10621,61,25.66,"{1130,10621,61,25.66},"
1130,10851,82,41.48,"{1130,10851,82,41.48},"
1131,10342,81,473.9,"{1131,10342,81,473.9},"
1131,10671,91,170.58,"{1131,10671,91,170.58},"
1131,10102,59,165.21,"{1131,10102,59,165.21},"
1131,10857,17,415.24,"{1131,10857,17,415.24},"
1131,10208,77,243.74,"{1131,10208,77,243.74},"
1131,10813,83,135.24,"{1131,10813,83,135.24},"
1132,10574,47,465.6,"{1132,10574,47,465.6},"
1132,10605,82,343.32,"{1132,10605,82,343.32},"
1132,10071,16,149.96,"{1132,10071,16,149.96},"
1132,10809,83,191.68,"{1132,10809,83,191.68},"
1132,10120,76,262.98,"{1132,10120,76,262.98},"
1132,10229,47,292.24,"{1132,10229,47,292.24},"
1132,10368,32,353.86,"{1132,10368,32,353.86},"
1132,10527,25,348.53,"{1132,10527,25,348.53},"
1132,10462,17,252.11,"{1132,10462,17,252.11},"
1133,10779,39,49.64,"{1133,10779,39,49.64},"
1133,10481,51,91.3,"{1133,10481,51,91.3},"
1133,10818,77,20.22,"{1133,10818,77,20.22},"
1133,10063,45,335.34,"{1133,10063,45,335.34},"
1133,10178,49,405.4,"{1133,10178,49,405.4},"
1133,10032,44,379.05,"{1133,10032,44,379.05},"
1133,10737,45,360.62,"{1133,10737,45,360.62},"
1133,10850,14,453.5,"{1133,10850,14,453.5},"
1134,10937,11,72.33,"{1134,10937,11,72.33},"
1134,10183,61,330.76,"{1134,10183,61,330.76},"
1134,10798,26,298.74,"{1134,10798,26,298.74},"
1134,10766,79,297.61,"{1134,10766,79,297.61},"
1134,10977,44,90.24,"{1134,10977,44,90.24},"
1134,10374,71,57.15,"{1134,10374,71,57.15},"
1134,10958,11,256.09,"{1134,10958,11,256.09},"
1134,10658,58,62.32,"{1134,10658,58,62.32},"
1134,10231,59,220.56,"{1134,10231,59,220.56},"
1135,10991,90,157.49,"{1135,10991,90,157.49},"
1135,10064,13,179.47,"{1135,10064,13,179.47},"
1135,10878,47,128.71,"{1135,10878,47,128.71},"
1135,10832,35,183.58,"{1135,10832,35,183.58},"
1135,10350,24,174.76,"{1135,10350,24,174.76},"
1135,10845,55,213.43,"{1135,10845,55,213.43},"
1136,10713,76,468.13,"{1136,10713,76,468.13},"
1136,10187,25,165.64,"{1136,10187,25,165.64},"
1136,10772,12,428.78,"{1136,10772,12,428.78},"
1136,10721,55,14.67,"{1136,10721,55,14.67},"
1136,10799,63,348.44,"{1136,10799,63,348.44},"
1136,10825,20,167.88,"{1136,10825,20,167.88},"
1137,10300,85,279.69,"{1137,10300,85,279.69},"
1137,10860,76,329.38,"{1137,10860,76,329.38},"
1137,10653,39,449.04,"{1137,10653,39,449.04},"
1137,10420,64,133.09,"{1137,10420,64,133.09},"
1137,10328,25,69.21,"{1137,10328,25,69.21},"
1137,10576,43,198.08,"{1137,10576,43,198.08},"
1137,10817,29,464.91,"{1137,10817,29,464.91},"
1138,10565,42,95.75,"{1138,10565,42,95.75},"
1138,10001,10,253.45,"{1138,10001,10,253.45},"
1138,10552,95,41.09,"{1138,10552,95,41.09},"
1138,10654,27,202.18,"{1138,10654,27,202.18},"
1138,10083,56,273.73,"{1138,10083,56,273.73},"
1138,10476,15,13.65,"{1138,10476,15,13.65},"
1138,10344,15,354.05,"{1138,10344,15,354.05},"
1138,10064,16,179.47,"{1138,10064,16,179.47},"
1138,10740,82,18.89,"{1138,10740,82,18.89},"
1139,10061,37,112.52,"{1139,10061,37,112.52},"
1139,10452,31,489.49,"{1139,10452,31,489.49},"
1139,10535,76,90.88,"{1139,10535,76,90.88},"
1140,10928,44,90.51,"{1140,10928,44,90.51},"
1140,10835,85,127.52,"{1140,10835,85,127.52},"
1140,10226,98,461.58,"{1140,10226,98,461.58},"
1140,10026,27,494.34,"{1140,10026,27,494.34},"
1140,10484,92,113.84,"{1140,10484,92,113.84},"
1140,10673,71,466.42,"{1140,10673,71,466.42},"
1141,10187,22,165.64,"{1141,10187,22,165.64},"
1141,10821,77,409.63,"{1141,10821,77,409.63},"
1141,10543,86,105.22,"{1141,10543,86,105.22},"
1141,10819,33,452.04,"{1141,10819,33,452.04},"
1141,10113,17,141.23,"{1141,10113,17,141.23},"
1141,10413,23,232.66,"{1141,10413,23,232.66},"
1141,10698,50,214.09,"{1141,10698,50,214.09},"
1142,10684,40,278.95,"{1142,10684,40,278.95},"
1142,10588,19,101.05,"{1142,10588,19,101.05},"
1142,10082,29,183.99,"{1142,10082,29,183.99},"
1142,10237,62,238.54,"{1142,10237,62,238.54},"
1142,10159,34,136.02,"{1142,10159,34,136.02},"
1142,10393,38,275.46,"{1142,10393,38,275.46},"
1142,10728,39,436.42,"{1142,10728,39,436.42},"
1142,10628,25,62.98,"{1142,10628,25,62.98},"
1142,10049,64,169.46,"{1142,10049,64,169.46},"
1142,10347,86,104.71,"{1142,10347,86,104.71},"
1143,10225,65,343.79,"{1143,10225,65,343.79},"
1143,10463,30,420.09,"{1143,10463,30,420.09},"
1143,10841,76,452.94,"{1143,10841,76,452.94},"
1143,10706,58,476.66,"{1143,10706,58,476.66},"
1143,10767,100,113.67,"{1143,10767,100,113.67},"
1143,10788,74,458.08,"{1143,10788,74,458.08},"
1143,10182,12,175.76,"{1143,10182,12,175.76},"
1143,10829,85,84.67,"{1143,10829,85,84.67},"
1143,10953,14,169.99,"{1143,10953,14,169.99},"
1143,10088,23,397.06,"{1143,10088,23,397.06},"
1144,10673,88,466.42,"{1144,10673,88,466.42},"
1144,10931,18,319.93,"{1144,10931,18,319.93},"
1144,10668,100,41.87,"{1144,10668,100,41.87},"
1144,10396,42,296.8,"{1144,10396,42,296.8},"
1144,10975,96,342.27,"{1144,10975,96,342.27},"
1145,10637,37,146.89,"{1145,10637,37,146.89},"
1145,10302,55,38.66,"{1145,10302,55,38.66},"
1145,10371,85,310.16,"{1145,10371,85,310.16},"
1145,10504,53,165.16,"{1145,10504,53,165.16},"
1145,10223,24,35.31,"{1145,10223,24,35.31},"
1145,10130,65,202.3,"{1145,10130,65,202.3},"
1145,10602,74,55.72,"{1145,10602,74,55.72},"
1146,10041,38,183.27,"{1146,10041,38,183.27},"
1146,10185,80,377.37,"{1146,10185,80,377.37},"
1146,10592,53,353.11,"{1146,10592,53,353.11},"
1146,10517,84,146.52,"{1146,10517,84,146.52},"
1146,10584,44,368.58,"{1146,10584,44,368.58},"
1146,10310,56,255.91,"{1146,10310,56,255.91},"
1146,10395,43,394.54,"{1146,10395,43,394.54},"
1146,10208,56,243.74,"{1146,10208,56,243.74},"
1146,10622,66,300.47,"{1146,10622,66,300.47},"
1147,10251,73,126.2,"{1147,10251,73,126.2},"
1147,10635,10,242.51,"{1147,10635,10,242.51},"
1147,10196,88,131.79,"{1147,10196,88,131.79},"
1147,10063,20,335.34,"{1147,10063,20,335.34},"
1147,10729,81,386.69,"{1147,10729,81,386.69},"
1147,10361,31,94.01,"{1147,10361,31,94.01},"
1147,10424,97,471.85,"{1147,10424,97,471.85},"
1147,10933,37,159.87,"{1147,10933,37,159.87},"
1147,10052,45,332.97,"{1147,10052,45,332.97},"
1148,10639,97,405.25,"{1148,10639,97,405.25},"
1148,10456,52,342.79,"{1148,10456,52,342.79},"
1148,10959,92,344.8,"{1148,10959,92,344.8},"
1149,10974,78,11.96,"{1149,10974,78,11.96},"
1149,10983,69,56.83,"{1149,10983,69,56.83},"
1149,10681,67,364.5,"{1149,10681,67,364.5},"
1149,10579,12,35.61,"{1149,10579,12,35.61},"
1149,10410,97,150.13,"{1149,10410,97,150.13},"
1149,10008,100,474.13,"{1149,10008,100,474.13},"
1149,10284,31,481.13,"{1149,10284,31,481.13},"
1149,10419,83,192.73,"{1149,10419,83,192.73},"
1149,10461,17,18.97,"{1149,10461,17,18.97},"
1149,10505,74,185.02,"{1149,10505,74,185.02},"
1150,10695,38,218.13,"{1150,10695,38,218.13},"
1150,10169,59,47.86,"{1150,10169,59,47.86},"
1150,10167,91,412.02,"{1150,10167,91,412.02},"
1150,10705,23,194.56,"{1150,10705,23,194.56},"
1150,10760,66,282.82,"{1150,10760,66,282.82},"
1150,10211,40,33.17,"{1150,10211,40,33.17},"
1150,10698,42,214.09,"{1150,10698,42,214.09},"
1151,10867,23,454.6,"{1151,10867,23,454.6},"
1151,10332,24,161.02,"{1151,10332,24,161.02},"
1151,10327,100,71.31,"{1151,10327,100,71.31},"
1151,10502,94,174.61,"{1151,10502,94,174.61},"
1151,10315,53,263.56,"{1151,10315,53,263.56},"
1151,10515,95,298.36,"{1151,10515,95,298.36},"
1151,10978,26,167.87,"{1151,10978,26,167.87},"
1151,10256,46,340.34,"{1151,10256,46,340.34},"
1151,10546,89,259,"{1151,10546,89,259},"
1151,10440,94,362.7,"{1151,10440,94,362.7},"
1152,10839,38,75.8,"{1152,10839,38,75.8},"
1152,10834,49,292.35,"{1152,10834,49,292.35},"
1152,10735,13,321.87,"{1152,10735,13,321.87},"
1152,10502,15,174.61,"{1152,10502,15,174.61},"
1152,10174,79,347.59,"{1152,10174,79,347.59},"
1152,10924,53,52.95,"{1152,10924,53,52.95},"
1152,10567,65,172.6,"{1152,10567,65,172.6},"
1152,10200,70,184.31,"{1152,10200,70,184.31},"
1152,10756,55,427.68,"{1152,10756,55,427.68},"
1153,10957,40,19.86,"{1153,10957,40,19.86},"
1153,10344,85,354.05,"{1153,10344,85,354.05},"
1153,10590,18,18.98,"{1153,10590,18,18.98},"
1153,10843,49,127.7,"{1153,10843,49,127.7},"
1153,10223,60,35.31,"{1153,10223,60,35.31},"
1153,10736,68,149.9,"{1153,10736,68,149.9},"
1153,10276,36,156.04,"{1153,10276,36,156.04},"
1154,10017,10,219.75,"{1154,10017,10,219.75},"
1154,10781,71,442.52,"{1154,10781,71,442.52},"
1154,10892,86,305.43,"{1154,10892,86,305.43},"
1154,10807,13,493.77,"{1154,10807,13,493.77},"
1154,10026,97,494.34,"{1154,10026,97,494.34},"
1154,10845,43,213.43,"{1154,10845,43,213.43},"
1154,10972,48,406.42,"{1154,10972,48,406.42},"
1155,10168,53,238.24,"{1155,10168,53,238.24},"
1155,10185,24,377.37,"{1155,10185,24,377.37},"
1155,10002,23,391.15,"{1155,10002,23,391.15},"
1155,10492,54,201.34,"{1155,10492,54,201.34},"
1155,10307,29,454.98,"{1155,10307,29,454.98},"
1156,10543,19,105.22,"{1156,10543,19,105.22},"
1156,10663,52,141.71,"{1156,10663,52,141.71},"
1156,10255,94,104.06,"{1156,10255,94,104.06},"
1156,10142,12,442.69,"{1156,10142,12,442.69},"
1156,10943,18,363.89,"{1156,10943,18,363.89},"
1157,10378,80,435.66,"{1157,10378,80,435.66},"
1157,10824,94,405.65,"{1157,10824,94,405.65},"
1157,10275,14,202.86,"{1157,10275,14,202.86},"
1157,10240,28,333.18,"{1157,10240,28,333.18},"
1157,10223,42,35.31,"{1157,10223,42,35.31},"
1158,10934,41,237.35,"{1158,10934,41,237.35},"
1158,10326,80,241.49,"{1158,10326,80,241.49},"
1158,10767,45,113.67,"{1158,10767,45,113.67},"
1158,10394,97,310.57,"{1158,10394,97,310.57},"
1158,10616,17,459.71,"{1158,10616,17,459.71},"
1158,10204,83,188.92,"{1158,10204,83,188.92},"
1159,10658,20,62.32,"{1159,10658,20,62.32},"
1159,10042,85,445.92,"{1159,10042,85,445.92},"
1159,10637,74,146.89,"{1159,10637,74,146.89},"
1159,10357,99,286.11,"{1159,10357,99,286.11},"
1159,10517,100,146.52,"{1159,10517,100,146.52},"
1159,10256,39,340.34,"{1159,10256,39,340.34},"
1159,10537,34,248.68,"{1159,10537,34,248.68},"
1159,10828,52,246.81,"{1159,10828,52,246.81},"
1159,10106,55,321.18,"{1159,10106,55,321.18},"
1159,10170,34,225.4,"{1159,10170,34,225.4},"
1160,10411,77,409.5,"{1160,10411,77,409.5},"
1160,10789,48,116.1,"{1160,10789,48,116.1},"
1160,10055,20,246.5,"{1160,10055,20,246.5},"
1160,10410,87,150.13,"{1160,10410,87,150.13},"
1160,10068,40,313.87,"{1160,10068,40,313.87},"
1160,10052,60,332.97,"{1160,10052,60,332.97},"
1160,10747,62,267.11,"{1160,10747,62,267.11},"
1160,10443,51,325.62,"{1160,10443,51,325.62},"
1160,10678,81,329.05,"{1160,10678,81,329.05},"
1160,10032,85,379.05,"{1160,10032,85,379.05},"
1161,10546,49,259,"{1161,10546,49,259},"
1161,10547,77,343.14,"{1161,10547,77,343.14},"
1161,10217,62,152.87,"{1161,10217,62,152.87},"
1161,10772,98,428.78,"{1161,10772,98,428.78},"
1161,10574,90,465.6,"{1161,10574,90,465.6},"
1161,10800,31,25.52,"{1161,10800,31,25.52},"
1161,10237,17,238.54,"{1161,10237,17,238.54},"
1161,10063,16,335.34,"{1161,10063,16,335.34},"
1161,10429,41,262.65,"{1161,10429,41,262.65},"
1161,10033,53,156.39,"{1161,10033,53,156.39},"
1162,10245,96,211.48,"{1162,10245,96,211.48},"
1162,10173,96,18.95,"{1162,10173,96,18.95},"
1162,10590,55,18.98,"{1162,10590,55,18.98},"
1162,10498,98,313.4,"{1162,10498,98,313.4},"
1162,10649,83,44.06,"{1162,10649,83,44.06},"
1162,10728,42,436.42,"{1162,10728,42,436.42},"
1162,10787,83,345.06,"{1162,10787,83,345.06},"
1162,10328,31,69.21,"{1162,10328,31,69.21},"
1162,10377,98,409.91,"{1162,10377,98,409.91},"
1163,10358,12,51.14,"{1163,10358,12,51.14},"
1163,10308,57,206.37,"{1163,10308,57,206.37},"
1163,10348,73,318.41,"{1163,10348,73,318.41},"
1163,10660,83,360.18,"{1163,10660,83,360.18},"
1163,10530,35,322.74,"{1163,10530,35,322.74},"
1163,10682,68,142.72,"{1163,10682,68,142.72},"
1163,10812,37,199.83,"{1163,10812,37,199.83},"
1164,10540,21,70,"{1164,10540,21,70},"
1164,10959,38,344.8,"{1164,10959,38,344.8},"
1164,10569,64,434.13,"{1164,10569,64,434.13},"
1164,10636,96,364.48,"{1164,10636,96,364.48},"
1164,10166,56,334.36,"{1164,10166,56,334.36},"
1165,10222,36,78.84,"{1165,10222,36,78.84},"
1165,10586,72,438.94,"{1165,10586,72,438.94},"
1165,10962,44,46.4,"{1165,10962,44,46.4},"
1165,10875,100,200.36,"{1165,10875,100,200.36},"
1165,10502,46,174.61,"{1165,10502,46,174.61},"
1165,10566,12,18.47,"{1165,10566,12,18.47},"
1165,10852,17,292.3,"{1165,10852,17,292.3},"
1166,10037,37,462.75,"{1166,10037,37,462.75},"
1166,10628,89,62.98,"{1166,10628,89,62.98},"
1166,10912,79,23.84,"{1166,10912,79,23.84},"
1166,10467,25,14.97,"{1166,10467,25,14.97},"
1166,10107,76,402.6,"{1166,10107,76,402.6},"
1166,10859,91,29.84,"{1166,10859,91,29.84},"
1166,10228,79,481.96,"{1166,10228,79,481.96},"
1166,10839,34,75.8,"{1166,10839,34,75.8},"
1166,10172,38,227.18,"{1166,10172,38,227.18},"
1167,10267,75,142.99,"{1167,10267,75,142.99},"
1167,10053,64,61.9,"{1167,10053,64,61.9},"
1167,10691,36,167.91,"{1167,10691,36,167.91},"
1167,10476,76,13.65,"{1167,10476,76,13.65},"
1167,10991,12,157.49,"{1167,10991,12,157.49},"
1167,10337,52,350.73,"{1167,10337,52,350.73},"
1167,10540,11,70,"{1167,10540,11,70},"
1167,10917,53,20.94,"{1167,10917,53,20.94},"
1167,10457,55,396.5,"{1167,10457,55,396.5},"
1167,10801,74,324,"{1167,10801,74,324},"
1168,10388,14,251.13,"{1168,10388,14,251.13},"
1168,10861,54,312.79,"{1168,10861,54,312.79},"
1168,10243,37,387.99,"{1168,10243,37,387.99},"
1168,10834,49,292.35,"{1168,10834,49,292.35},"
1168,10530,71,322.74,"{1168,10530,71,322.74},"
1168,10717,89,11.58,"{1168,10717,89,11.58},"
1168,10726,78,362.86,"{1168,10726,78,362.86},"
1168,10150,74,340.33,"{1168,10150,74,340.33},"
1169,10826,12,53.8,"{1169,10826,12,53.8},"
1169,10114,11,143.56,"{1169,10114,11,143.56},"
1169,10789,80,116.1,"{1169,10789,80,116.1},"
1169,10525,83,433.14,"{1169,10525,83,433.14},"
1169,10770,41,173.84,"{1169,10770,41,173.84},"
1169,10131,37,368.75,"{1169,10131,37,368.75},"
1169,10164,92,437.74,"{1169,10164,92,437.74},"
1169,10391,61,426.15,"{1169,10391,61,426.15},"
1169,10598,63,481.47,"{1169,10598,63,481.47},"
1170,10660,11,360.18,"{1170,10660,11,360.18},"
1170,10469,63,32.9,"{1170,10469,63,32.9},"
1170,10412,32,229.46,"{1170,10412,32,229.46},"
1170,10758,51,155.23,"{1170,10758,51,155.23},"
1170,10932,26,182.01,"{1170,10932,26,182.01},"
1170,10860,37,329.38,"{1170,10860,37,329.38},"
1170,10043,36,92.08,"{1170,10043,36,92.08},"
1170,10430,52,93.12,"{1170,10430,52,93.12},"
1170,10321,26,143.01,"{1170,10321,26,143.01},"
1170,10558,18,169.66,"{1170,10558,18,169.66},"
1171,10748,34,300.58,"{1171,10748,34,300.58},"
1171,10967,49,142.8,"{1171,10967,49,142.8},"
1171,10906,27,272.58,"{1171,10906,27,272.58},"
1172,10536,72,32.29,"{1172,10536,72,32.29},"
1172,10606,40,257.27,"{1172,10606,40,257.27},"
1172,10338,39,143.93,"{1172,10338,39,143.93},"
1172,10507,20,385.18,"{1172,10507,20,385.18},"
1172,10634,61,182.51,"{1172,10634,61,182.51},"
1172,10775,89,124.43,"{1172,10775,89,124.43},"
1172,10284,67,481.13,"{1172,10284,67,481.13},"
1173,10811,77,152.48,"{1173,10811,77,152.48},"
1173,10029,67,135.03,"{1173,10029,67,135.03},"
1173,10474,80,421.47,"{1173,10474,80,421.47},"
1173,10473,62,70.15,"{1173,10473,62,70.15},"
1173,10088,46,397.06,"{1173,10088,46,397.06},"
1173,10654,87,202.18,"{1173,10654,87,202.18},"
1173,10061,21,112.52,"{1173,10061,21,112.52},"
1173,10350,28,174.76,"{1173,10350,28,174.76},"
1173,10387,63,288.03,"{1173,10387,63,288.03},"
1174,10836,19,52.42,"{1174,10836,19,52.42},"
1174,10635,55,242.51,"{1174,10635,55,242.51},"
1174,10252,31,178.24,"{1174,10252,31,178.24},"
1174,10273,37,437.24,"{1174,10273,37,437.24},"
1174,10458,90,332.98,"{1174,10458,90,332.98},"
1175,10710,13,274.66,"{1175,10710,13,274.66},"
1175,10774,45,336.26,"{1175,10774,45,336.26},"
1175,10598,98,481.47,"{1175,10598,98,481.47},"
1175,10124,27,194.71,"{1175,10124,27,194.71},"
1175,10294,88,419.36,"{1175,10294,88,419.36},"
1175,10451,91,32.33,"{1175,10451,91,32.33},"
1175,10416,54,345.22,"{1175,10416,54,345.22},"
1175,10345,73,342.92,"{1175,10345,73,342.92},"
1176,10096,65,220.17,"{1176,10096,65,220.17},"
1176,10764,94,470.77,"{1176,10764,94,470.77},"
1176,10796,48,462.06,"{1176,10796,48,462.06},"
1176,10077,26,27.11,"{1176,10077,26,27.11},"
1176,10686,71,133.26,"{1176,10686,71,133.26},"
1176,10779,41,49.64,"{1176,10779,41,49.64},"
1176,10913,30,433.43,"{1176,10913,30,433.43},"
1176,10045,86,279.9,"{1176,10045,86,279.9},"
1176,10446,20,39.13,"{1176,10446,20,39.13},"
1176,10561,64,418.38,"{1176,10561,64,418.38},"
1177,10599,98,237.37,"{1177,10599,98,237.37},"
1177,10628,39,62.98,"{1177,10628,39,62.98},"
1177,10181,10,190.84,"{1177,10181,10,190.84},"
1177,10202,57,368.86,"{1177,10202,57,368.86},"
1177,10390,75,321.36,"{1177,10390,75,321.36},"
1177,10234,18,98.17,"{1177,10234,18,98.17},"
1177,10399,19,227.94,"{1177,10399,19,227.94},"
1177,10423,71,394.96,"{1177,10423,71,394.96},"
1177,10896,31,378.07,"{1177,10896,31,378.07},"
1178,10613,66,443.08,"{1178,10613,66,443.08},"
1178,10122,49,219.53,"{1178,10122,49,219.53},"
1178,10543,34,105.22,"{1178,10543,34,105.22},"
1178,10968,30,184.68,"{1178,10968,30,184.68},"
1178,10212,25,497.51,"{1178,10212,25,497.51},"
1178,10633,74,279.13,"{1178,10633,74,279.13},"
1179,10718,35,263.88,"{1179,10718,35,263.88},"
1179,10776,40,434.28,"{1179,10776,40,434.28},"
1179,10025,14,158.34,"{1179,10025,14,158.34},"
1179,10575,15,83.1,"{1179,10575,15,83.1},"
1180,10723,41,258.9,"{1180,10723,41,258.9},"
1180,10082,13,183.99,"{1180,10082,13,183.99},"
1180,10144,65,414.92,"{1180,10144,65,414.92},"
1180,10462,90,252.11,"{1180,10462,90,252.11},"
1180,10279,24,361.79,"{1180,10279,24,361.79},"
1181,10508,35,162.68,"{1181,10508,35,162.68},"
1181,10517,42,146.52,"{1181,10517,42,146.52},"
1181,10577,72,222.54,"{1181,10577,72,222.54},"
1181,10371,61,310.16,"{1181,10371,61,310.16},"
1181,10602,89,55.72,"{1181,10602,89,55.72},"
1181,10791,62,482.89,"{1181,10791,62,482.89},"
1181,10730,61,392.03,"{1181,10730,61,392.03},"
1181,10462,73,252.11,"{1181,10462,73,252.11},"
1181,10661,48,80.12,"{1181,10661,48,80.12},"
1181,10458,18,332.98,"{1181,10458,18,332.98},"
1182,10645,69,123.16,"{1182,10645,69,123.16},"
1182,10510,92,215.34,"{1182,10510,92,215.34},"
1182,10772,92,428.78,"{1182,10772,92,428.78},"
1182,10406,64,143.72,"{1182,10406,64,143.72},"
1182,10708,89,327.35,"{1182,10708,89,327.35},"
1182,10942,51,440.09,"{1182,10942,51,440.09},"
1183,10043,90,92.08,"{1183,10043,90,92.08},"
1183,10060,33,246.72,"{1183,10060,33,246.72},"
1183,10905,46,269.43,"{1183,10905,46,269.43},"
1183,10015,94,326.73,"{1183,10015,94,326.73},"
1184,10098,95,48.15,"{1184,10098,95,48.15},"
1184,10886,43,290.01,"{1184,10886,43,290.01},"
1184,10325,10,271.31,"{1184,10325,10,271.31},"
1184,10965,80,29.87,"{1184,10965,80,29.87},"
1184,10646,21,46.91,"{1184,10646,21,46.91},"
1184,10705,96,194.56,"{1184,10705,96,194.56},"
1184,10610,99,192.67,"{1184,10610,99,192.67},"
1184,10702,23,223.25,"{1184,10702,23,223.25},"
1184,10603,84,145.96,"{1184,10603,84,145.96},"
1184,10805,52,41.17,"{1184,10805,52,41.17},"
1185,10792,80,498.29,"{1185,10792,80,498.29},"
1185,10001,99,253.45,"{1185,10001,99,253.45},"
1185,10421,12,72.4,"{1185,10421,12,72.4},"
1186,10691,19,167.91,"{1186,10691,19,167.91},"
1186,10253,55,54.29,"{1186,10253,55,54.29},"
1186,10840,94,498.9,"{1186,10840,94,498.9},"
1186,10086,61,21.56,"{1186,10086,61,21.56},"
1186,10167,15,412.02,"{1186,10167,15,412.02},"
1186,10549,71,393.05,"{1186,10549,71,393.05},"
1186,10257,64,66.69,"{1186,10257,64,66.69},"
1186,10735,82,321.87,"{1186,10735,82,321.87},"
1187,10673,71,466.42,"{1187,10673,71,466.42},"
1187,10441,94,58.61,"{1187,10441,94,58.61},"
1187,10464,79,434.63,"{1187,10464,79,434.63},"
1187,10740,42,18.89,"{1187,10740,42,18.89},"
1187,10352,91,364.61,"{1187,10352,91,364.61},"
1188,10433,25,253.99,"{1188,10433,25,253.99},"
1188,10313,59,10.51,"{1188,10313,59,10.51},"
1188,10367,25,109.44,"{1188,10367,25,109.44},"
1188,10660,39,360.18,"{1188,10660,39,360.18},"
1189,10168,92,238.24,"{1189,10168,92,238.24},"
1189,10456,61,342.79,"{1189,10456,61,342.79},"
1189,10366,10,255.86,"{1189,10366,10,255.86},"
1189,10114,43,143.56,"{1189,10114,43,143.56},"
1190,10484,60,113.84,"{1190,10484,60,113.84},"
1190,10861,11,312.79,"{1190,10861,11,312.79},"
1190,10150,77,340.33,"{1190,10150,77,340.33},"
1190,10707,13,53.11,"{1190,10707,13,53.11},"
1190,10040,16,165.18,"{1190,10040,16,165.18},"
1190,10949,14,413.45,"{1190,10949,14,413.45},"
1190,10918,33,162.92,"{1190,10918,33,162.92},"
1190,10497,100,214.45,"{1190,10497,100,214.45},"
1190,10618,31,458.28,"{1190,10618,31,458.28},"
1191,10230,84,428.11,"{1191,10230,84,428.11},"
1191,10057,56,293.03,"{1191,10057,56,293.03},"
1191,10729,48,386.69,"{1191,10729,48,386.69},"
1191,10317,40,25.02,"{1191,10317,40,25.02},"
1191,10083,68,273.73,"{1191,10083,68,273.73},"
1191,10909,78,404.07,"{1191,10909,78,404.07},"
1192,10716,25,149.26,"{1192,10716,25,149.26},"
1192,10918,19,162.92,"{1192,10918,19,162.92},"
1192,10605,64,343.32,"{1192,10605,64,343.32},"
1192,10625,81,122.87,"{1192,10625,81,122.87},"
1192,10985,48,494.42,"{1192,10985,48,494.42},"
1193,10985,48,494.42,"{1193,10985,48,494.42},"
1193,10208,11,243.74,"{1193,10208,11,243.74},"
1193,10320,48,198.05,"{1193,10320,48,198.05},"
1193,10426,95,60.81,"{1193,10426,95,60.81},"
1194,10843,98,127.7,"{1194,10843,98,127.7},"
1194,10838,35,158.78,"{1194,10838,35,158.78},"
1194,10221,39,462.53,"{1194,10221,39,462.53},"
1194,10745,16,209.66,"{1194,10745,16,209.66},"
1194,10936,12,379.18,"{1194,10936,12,379.18},"
1194,10420,21,133.09,"{1194,10420,21,133.09},"
1194,10631,38,132.71,"{1194,10631,38,132.71},"
1194,10119,52,324.41,"{1194,10119,52,324.41},"
1194,10869,60,308.83,"{1194,10869,60,308.83},"
1195,10475,43,96.04,"{1195,10475,43,96.04},"
1195,10155,83,336.91,"{1195,10155,83,336.91},"
1195,10309,94,446.35,"{1195,10309,94,446.35},"
1195,10571,36,72.91,"{1195,10571,36,72.91},"
1195,10242,56,39.33,"{1195,10242,56,39.33},"
1195,10041,19,183.27,"{1195,10041,19,183.27},"
1195,10468,66,157.24,"{1195,10468,66,157.24},"
1195,10339,86,52.88,"{1195,10339,86,52.88},"
1196,10742,32,16.56,"{1196,10742,32,16.56},"
1196,10675,85,471.63,"{1196,10675,85,471.63},"
1196,10339,88,52.88,"{1196,10339,88,52.88},"
1197,10329,11,148.08,"{1197,10329,11,148.08},"
1197,10694,63,206.43,"{1197,10694,63,206.43},"
1197,10935,29,392.02,"{1197,10935,29,392.02},"
1197,10956,85,261.27,"{1197,10956,85,261.27},"
1198,10068,98,313.87,"{1198,10068,98,313.87},"
1198,10462,49,252.11,"{1198,10462,49,252.11},"
1198,10641,58,16.29,"{1198,10641,58,16.29},"
1198,10435,28,366.43,"{1198,10435,28,366.43},"
1198,10334,96,342.99,"{1198,10334,96,342.99},"
1198,10626,15,117.77,"{1198,10626,15,117.77},"
1198,10255,17,104.06,"{1198,10255,17,104.06},"
1198,10743,29,14.12,"{1198,10743,29,14.12},"
1199,10694,57,206.43,"{1199,10694,57,206.43},"
1199,10481,77,91.3,"{1199,10481,77,91.3},"
1199,10231,65,220.56,"{1199,10231,65,220.56},"
1199,10099,11,189.91,"{1199,10099,11,189.91},"
1199,10705,41,194.56,"{1199,10705,41,194.56},"
1199,10279,80,361.79,"{1199,10279,80,361.79},"
1200,10678,23,329.05,"{1200,10678,23,329.05},"
1200,10947,85,343.2,"{1200,10947,85,343.2},"
1200,10959,41,344.8,"{1200,10959,41,344.8},"
1200,10696,80,336.59,"{1200,10696,80,336.59},"
1200,10730,48,392.03,"{1200,10730,48,392.03},"
1200,10458,38,332.98,"{1200,10458,38,332.98},"
1200,10556,14,74.12,"{1200,10556,14,74.12},"
1201,10414,83,18.15,"{1201,10414,83,18.15},"
1201,10378,69,435.66,"{1201,10378,69,435.66},"
1201,10537,94,248.68,"{1201,10537,94,248.68},"
1202,10874,79,444.24,"{1202,10874,79,444.24},"
1202,10004,24,251.12,"{1202,10004,24,251.12},"
1202,10009,25,59.97,"{1202,10009,25,59.97},"
1202,10485,14,447.57,"{1202,10485,14,447.57},"
1202,10839,17,75.8,"{1202,10839,17,75.8},"
1203,10022,53,341.6,"{1203,10022,53,341.6},"
1203,10148,80,132.72,"{1203,10148,80,132.72},"
1203,10450,59,183,"{1203,10450,59,183},"
1203,10096,89,220.17,"{1203,10096,89,220.17},"
1203,10311,28,207.18,"{1203,10311,28,207.18},"
1203,10369,13,314.05,"{1203,10369,13,314.05},"
1203,10440,29,362.7,"{1203,10440,29,362.7},"
1203,10984,28,410.58,"{1203,10984,28,410.58},"
1203,10951,28,166.11,"{1203,10951,28,166.11},"
1203,10466,65,144.39,"{1203,10466,65,144.39},"
1204,10903,62,282.03,"{1204,10903,62,282.03},"
1204,10297,89,120.75,"{1204,10297,89,120.75},"
1204,10687,43,89.37,"{1204,10687,43,89.37},"
1204,10874,83,444.24,"{1204,10874,83,444.24},"
1204,10844,93,429.69,"{1204,10844,93,429.69},"
1204,10247,26,62.2,"{1204,10247,26,62.2},"
1204,10549,98,393.05,"{1204,10549,98,393.05},"
1205,10547,14,343.14,"{1205,10547,14,343.14},"
1205,10363,71,354.3,"{1205,10363,71,354.3},"
1205,10387,79,288.03,"{1205,10387,79,288.03},"
1205,10607,82,69.24,"{1205,10607,82,69.24},"
1206,10405,26,87.17,"{1206,10405,26,87.17},"
1206,10050,48,313.91,"{1206,10050,48,313.91},"
1206,10548,65,319.14,"{1206,10548,65,319.14},"
1206,10242,26,39.33,"{1206,10242,26,39.33},"
1206,10628,96,62.98,"{1206,10628,96,62.98},"
1207,10630,25,451.8,"{1207,10630,25,451.8},"
1207,10311,20,207.18,"{1207,10311,20,207.18},"
1207,10040,47,165.18,"{1207,10040,47,165.18},"
1207,10565,11,95.75,"{1207,10565,11,95.75},"
1207,10070,40,144.25,"{1207,10070,40,144.25},"
1207,10215,54,407.14,"{1207,10215,54,407.14},"
1207,10754,34,395.36,"{1207,10754,34,395.36},"
1208,10914,32,247.04,"{1208,10914,32,247.04},"
1208,10315,16,263.56,"{1208,10315,16,263.56},"
1208,10594,49,276.24,"{1208,10594,49,276.24},"
1208,10070,57,144.25,"{1208,10070,57,144.25},"
1209,10915,48,392.94,"{1209,10915,48,392.94},"
1209,10335,78,107.67,"{1209,10335,78,107.67},"
1209,10716,100,149.26,"{1209,10716,100,149.26},"
1209,10340,95,43.06,"{1209,10340,95,43.06},"
1209,10867,40,454.6,"{1209,10867,40,454.6},"
1209,10474,10,421.47,"{1209,10474,10,421.47},"
1209,10951,86,166.11,"{1209,10951,86,166.11},"
1210,10129,11,204.67,"{1210,10129,11,204.67},"
1210,10072,70,223.27,"{1210,10072,70,223.27},"
1210,10627,89,479.19,"{1210,10627,89,479.19},"
1210,10859,84,29.84,"{1210,10859,84,29.84},"
1210,10255,74,104.06,"{1210,10255,74,104.06},"
1210,10190,91,409.95,"{1210,10190,91,409.95},"
1210,10911,16,173.43,"{1210,10911,16,173.43},"
1210,10928,49,90.51,"{1210,10928,49,90.51},"
1210,10013,38,207.75,"{1210,10013,38,207.75},"
1211,10148,89,132.72,"{1211,10148,89,132.72},"
1211,10648,84,285.75,"{1211,10648,84,285.75},"
1211,10301,94,167.47,"{1211,10301,94,167.47},"
1211,10041,74,183.27,"{1211,10041,74,183.27},"
1212,10872,78,256.75,"{1212,10872,78,256.75},"
1212,10635,36,242.51,"{1212,10635,36,242.51},"
1212,10225,16,343.79,"{1212,10225,16,343.79},"
1212,10238,87,403.39,"{1212,10238,87,403.39},"
1212,10813,61,135.24,"{1212,10813,61,135.24},"
1212,10147,49,105.07,"{1212,10147,49,105.07},"
1212,10976,37,427.37,"{1212,10976,37,427.37},"
1212,10487,57,172.56,"{1212,10487,57,172.56},"
1212,10392,50,161.01,"{1212,10392,50,161.01},"
1212,10595,73,93.39,"{1212,10595,73,93.39},"
1213,10334,64,342.99,"{1213,10334,64,342.99},"
1213,10489,95,315.43,"{1213,10489,95,315.43},"
1213,10516,24,449.38,"{1213,10516,24,449.38},"
1213,10252,70,178.24,"{1213,10252,70,178.24},"
1213,10456,51,342.79,"{1213,10456,51,342.79},"
1213,10594,82,276.24,"{1213,10594,82,276.24},"
1214,10454,27,494.8,"{1214,10454,27,494.8},"
1214,10873,67,306.22,"{1214,10873,67,306.22},"
1214,10493,38,339.2,"{1214,10493,38,339.2},"
1214,10131,78,368.75,"{1214,10131,78,368.75},"
1214,10922,62,58.88,"{1214,10922,62,58.88},"
1214,10948,96,178.99,"{1214,10948,96,178.99},"
1214,10022,68,341.6,"{1214,10022,68,341.6},"
1215,10124,31,194.71,"{1215,10124,31,194.71},"
1215,10722,11,471.1,"{1215,10722,11,471.1},"
1215,10726,37,362.86,"{1215,10726,37,362.86},"
1215,10691,22,167.91,"{1215,10691,22,167.91},"
1215,10682,67,142.72,"{1215,10682,67,142.72},"
1215,10852,15,292.3,"{1215,10852,15,292.3},"
1216,10994,31,399,"{1216,10994,31,399},"
1216,10050,40,313.91,"{1216,10050,40,313.91},"
1216,10751,37,130.25,"{1216,10751,37,130.25},"
1216,10714,73,254.59,"{1216,10714,73,254.59},"
1216,10442,41,307.5,"{1216,10442,41,307.5},"
1216,10005,26,476.49,"{1216,10005,26,476.49},"
1216,10034,28,89.13,"{1216,10034,28,89.13},"
1216,10955,16,216.44,"{1216,10955,16,216.44},"
1216,10578,83,286.87,"{1216,10578,83,286.87},"
1216,10502,22,174.61,"{1216,10502,22,174.61},"
1217,10952,48,391.33,"{1217,10952,48,391.33},"
1217,10407,52,321.16,"{1217,10407,52,321.16},"
1217,10735,19,321.87,"{1217,10735,19,321.87},"
1217,10120,60,262.98,"{1217,10120,60,262.98},"
1217,10911,18,173.43,"{1217,10911,18,173.43},"
1217,10532,92,479.16,"{1217,10532,92,479.16},"
1217,10412,64,229.46,"{1217,10412,64,229.46},"
1217,10851,75,41.48,"{1217,10851,75,41.48},"
1217,10206,70,249.91,"{1217,10206,70,249.91},"
1217,10190,39,409.95,"{1217,10190,39,409.95},"
1218,10393,54,275.46,"{1218,10393,54,275.46},"
1218,10236,34,412.17,"{1218,10236,34,412.17},"
1218,10607,21,69.24,"{1218,10607,21,69.24},"
1218,10523,20,477.42,"{1218,10523,20,477.42},"
1218,10239,82,223.73,"{1218,10239,82,223.73},"
1219,10715,76,455.33,"{1219,10715,76,455.33},"
1219,10626,36,117.77,"{1219,10626,36,117.77},"
1219,10490,58,372.75,"{1219,10490,58,372.75},"
1219,10841,18,452.94,"{1219,10841,18,452.94},"
1219,10406,87,143.72,"{1219,10406,87,143.72},"
1219,10338,73,143.93,"{1219,10338,73,143.93},"
1219,10778,22,451.48,"{1219,10778,22,451.48},"
1219,10824,46,405.65,"{1219,10824,46,405.65},"
1219,10429,80,262.65,"{1219,10429,80,262.65},"
1220,10065,74,468.04,"{1220,10065,74,468.04},"
1220,10740,51,18.89,"{1220,10740,51,18.89},"
1220,10568,38,58.71,"{1220,10568,38,58.71},"
1220,10043,39,92.08,"{1220,10043,39,92.08},"
1220,10742,57,16.56,"{1220,10742,57,16.56},"
1220,10331,22,220.09,"{1220,10331,22,220.09},"
1220,10271,88,155.58,"{1220,10271,88,155.58},"
1220,10532,12,479.16,"{1220,10532,12,479.16},"
1221,10143,85,282.34,"{1221,10143,85,282.34},"
1221,10273,75,437.24,"{1221,10273,75,437.24},"
1221,10840,20,498.9,"{1221,10840,20,498.9},"
1221,10455,19,136.23,"{1221,10455,19,136.23},"
1222,10916,26,282.61,"{1222,10916,26,282.61},"
1222,10250,28,350.74,"{1222,10250,28,350.74},"
1222,10305,63,252.32,"{1222,10305,63,252.32},"
1222,10363,30,354.3,"{1222,10363,30,354.3},"
1222,10646,29,46.91,"{1222,10646,29,46.91},"
1222,10321,78,143.01,"{1222,10321,78,143.01},"
1223,10722,50,471.1,"{1223,10722,50,471.1},"
1223,10391,34,426.15,"{1223,10391,34,426.15},"
1223,10742,11,16.56,"{1223,10742,11,16.56},"
1223,10494,21,236.09,"{1223,10494,21,236.09},"
1223,10694,88,206.43,"{1223,10694,88,206.43},"
1223,10356,52,364.97,"{1223,10356,52,364.97},"
1223,10678,71,329.05,"{1223,10678,71,329.05},"
1223,10857,77,415.24,"{1223,10857,77,415.24},"
1223,10082,87,183.99,"{1223,10082,87,183.99},"
1223,10802,69,47.75,"{1223,10802,69,47.75},"
1224,10399,47,227.94,"{1224,10399,47,227.94},"
1224,10833,83,441.79,"{1224,10833,83,441.79},"
1224,10505,12,185.02,"{1224,10505,12,185.02},"
1224,10958,65,256.09,"{1224,10958,65,256.09},"
1224,10453,66,243.01,"{1224,10453,66,243.01},"
1224,10442,31,307.5,"{1224,10442,31,307.5},"
1225,10850,10,453.5,"{1225,10850,10,453.5},"
1225,10840,39,498.9,"{1225,10840,39,498.9},"
1225,10304,55,344.65,"{1225,10304,55,344.65},"
1225,10093,38,488.52,"{1225,10093,38,488.52},"
1225,10874,36,444.24,"{1225,10874,36,444.24},"
1225,10345,14,342.92,"{1225,10345,14,342.92},"
1225,10246,38,239.77,"{1225,10246,38,239.77},"
1226,10178,83,405.4,"{1226,10178,83,405.4},"
1226,10976,96,427.37,"{1226,10976,96,427.37},"
1226,10561,60,418.38,"{1226,10561,60,418.38},"
1226,10633,47,279.13,"{1226,10633,47,279.13},"
1226,10881,81,82.58,"{1226,10881,81,82.58},"
1226,10730,82,392.03,"{1226,10730,82,392.03},"
1226,10779,42,49.64,"{1226,10779,42,49.64},"
1227,10481,96,91.3,"{1227,10481,96,91.3},"
1227,10315,34,263.56,"{1227,10315,34,263.56},"
1227,10366,49,255.86,"{1227,10366,49,255.86},"
1227,10479,55,255.98,"{1227,10479,55,255.98},"
1227,10160,62,91.92,"{1227,10160,62,91.92},"
1227,10210,29,264.95,"{1227,10210,29,264.95},"
1228,10349,51,301.3,"{1228,10349,51,301.3},"
1228,10629,59,260.16,"{1228,10629,59,260.16},"
1228,10185,95,377.37,"{1228,10185,95,377.37},"
1228,10741,11,321.56,"{1228,10741,11,321.56},"
1228,10942,83,440.09,"{1228,10942,83,440.09},"
1228,10888,44,11.88,"{1228,10888,44,11.88},"
1229,10161,13,187.29,"{1229,10161,13,187.29},"
1229,10568,30,58.71,"{1229,10568,30,58.71},"
1229,10221,27,462.53,"{1229,10221,27,462.53},"
1229,10402,38,427.54,"{1229,10402,38,427.54},"
1229,10334,24,342.99,"{1229,10334,24,342.99},"
1230,10647,63,154.29,"{1230,10647,63,154.29},"
1230,10781,67,442.52,"{1230,10781,67,442.52},"
1230,10342,89,473.9,"{1230,10342,89,473.9},"
1230,10129,49,204.67,"{1230,10129,49,204.67},"
1231,10054,21,272.93,"{1231,10054,21,272.93},"
1231,10180,65,496.38,"{1231,10180,65,496.38},"
1231,10364,98,67.13,"{1231,10364,98,67.13},"
1231,10124,19,194.71,"{1231,10124,19,194.71},"
1231,10755,92,59.03,"{1231,10755,92,59.03},"
1231,10405,35,87.17,"{1231,10405,35,87.17},"
1231,10633,26,279.13,"{1231,10633,26,279.13},"
1231,10877,11,462.77,"{1231,10877,11,462.77},"
1231,10223,63,35.31,"{1231,10223,63,35.31},"
1232,10162,10,50.23,"{1232,10162,10,50.23},"
1232,10032,56,379.05,"{1232,10032,56,379.05},"
1232,10744,52,268.23,"{1232,10744,52,268.23},"
1232,10983,78,56.83,"{1232,10983,78,56.83},"
1232,10532,96,479.16,"{1232,10532,96,479.16},"
1232,10124,27,194.71,"{1232,10124,27,194.71},"
1232,10800,14,25.52,"{1232,10800,14,25.52},"
1232,10825,95,167.88,"{1232,10825,95,167.88},"
1232,10828,22,246.81,"{1232,10828,22,246.81},"
1232,10328,17,69.21,"{1232,10328,17,69.21},"
1233,10283,10,472.08,"{1233,10283,10,472.08},"
1233,10494,27,236.09,"{1233,10494,27,236.09},"
1233,10224,82,327.76,"{1233,10224,82,327.76},"
1233,10088,62,397.06,"{1233,10088,62,397.06},"
1233,10059,88,60.54,"{1233,10059,88,60.54},"
1233,10884,58,481.56,"{1233,10884,58,481.56},"
1234,10231,98,220.56,"{1234,10231,98,220.56},"
1234,10206,22,249.91,"{1234,10206,22,249.91},"
1234,10062,84,326.72,"{1234,10062,84,326.72},"
1234,10970,83,193.46,"{1234,10970,83,193.46},"
1234,10242,81,39.33,"{1234,10242,81,39.33},"
1234,10345,48,342.92,"{1234,10345,48,342.92},"
1235,10035,97,305.27,"{1235,10035,97,305.27},"
1235,10657,100,322.93,"{1235,10657,100,322.93},"
1235,10800,76,25.52,"{1235,10800,76,25.52},"
1235,10673,58,466.42,"{1235,10673,58,466.42},"
1235,10812,73,199.83,"{1235,10812,73,199.83},"
1235,10554,11,482.35,"{1235,10554,11,482.35},"
1235,10672,73,38.03,"{1235,10672,73,38.03},"
1235,10899,35,144.61,"{1235,10899,35,144.61},"
1235,10115,65,41.67,"{1235,10115,65,41.67},"
1236,10626,45,117.77,"{1236,10626,45,117.77},"
1236,10278,41,217.75,"{1236,10278,41,217.75},"
1236,10926,55,141.18,"{1236,10926,55,141.18},"
1236,10971,40,253.75,"{1236,10971,40,253.75},"
1236,10008,91,474.13,"{1236,10008,91,474.13},"
1236,10558,84,169.66,"{1236,10558,84,169.66},"
1237,10743,23,14.12,"{1237,10743,23,14.12},"
1237,10719,80,42.46,"{1237,10719,80,42.46},"
1237,10741,92,321.56,"{1237,10741,92,321.56},"
1238,10486,82,87.86,"{1238,10486,82,87.86},"
1238,10834,98,292.35,"{1238,10834,98,292.35},"
1238,10914,61,247.04,"{1238,10914,61,247.04},"
1238,10520,81,461.72,"{1238,10520,81,461.72},"
1238,10820,32,200.4,"{1238,10820,32,200.4},"
1238,10821,16,409.63,"{1238,10821,16,409.63},"
1238,10716,40,149.26,"{1238,10716,40,149.26},"
1238,10822,77,441.82,"{1238,10822,77,441.82},"
1239,10505,83,185.02,"{1239,10505,83,185.02},"
1239,10268,30,27.49,"{1239,10268,30,27.49},"
1239,10636,46,364.48,"{1239,10636,46,364.48},"
1239,10309,32,446.35,"{1239,10309,32,446.35},"
1239,10105,73,378.15,"{1239,10105,73,378.15},"
1239,10532,22,479.16,"{1239,10532,22,479.16},"
1239,10537,56,248.68,"{1239,10537,56,248.68},"
1239,10409,25,73.4,"{1239,10409,25,73.4},"
1239,10512,47,78.61,"{1239,10512,47,78.61},"
1239,10045,86,279.9,"{1239,10045,86,279.9},"
1240,10192,20,69.69,"{1240,10192,20,69.69},"
1240,10590,26,18.98,"{1240,10590,26,18.98},"
1240,10026,88,494.34,"{1240,10026,88,494.34},"
1240,10353,55,341.56,"{1240,10353,55,341.56},"
1240,10441,55,58.61,"{1240,10441,55,58.61},"
1240,10382,65,209.7,"{1240,10382,65,209.7},"
1240,10506,34,476.2,"{1240,10506,34,476.2},"
1240,10801,17,324,"{1240,10801,17,324},"
1240,10840,36,498.9,"{1240,10840,36,498.9},"
1241,10457,67,396.5,"{1241,10457,67,396.5},"
1241,10683,14,17.08,"{1241,10683,14,17.08},"
1241,10146,41,493.52,"{1241,10146,41,493.52},"
1241,10065,48,468.04,"{1241,10065,48,468.04},"
1241,10574,77,465.6,"{1241,10574,77,465.6},"
1241,10766,72,297.61,"{1241,10766,72,297.61},"
1242,10783,73,187.09,"{1242,10783,73,187.09},"
1242,10681,53,364.5,"{1242,10681,53,364.5},"
1242,10987,70,95.04,"{1242,10987,70,95.04},"
1242,10312,89,128.57,"{1242,10312,89,128.57},"
1242,10842,89,194.71,"{1242,10842,89,194.71},"
1242,10696,29,336.59,"{1242,10696,29,336.59},"
1242,10279,66,361.79,"{1242,10279,66,361.79},"
1242,10794,71,222.41,"{1242,10794,71,222.41},"
1243,10338,75,143.93,"{1243,10338,75,143.93},"
1243,10102,92,165.21,"{1243,10102,92,165.21},"
1243,10737,45,360.62,"{1243,10737,45,360.62},"
1243,10116,36,24.3,"{1243,10116,36,24.3},"
1243,10980,30,257.7,"{1243,10980,30,257.7},"
1243,10472,98,474.43,"{1243,10472,98,474.43},"
1243,10356,71,364.97,"{1243,10356,71,364.97},"
1243,10399,82,227.94,"{1243,10399,82,227.94},"
1243,10625,54,122.87,"{1243,10625,54,122.87},"
1243,10998,79,349.77,"{1243,10998,79,349.77},"
1244,10949,69,413.45,"{1244,10949,69,413.45},"
1244,10600,54,452.23,"{1244,10600,54,452.23},"
1244,10717,92,11.58,"{1244,10717,92,11.58},"
1244,10759,53,236.26,"{1244,10759,53,236.26},"
1244,10135,36,128.12,"{1244,10135,36,128.12},"
1244,10801,22,324,"{1244,10801,22,324},"
1245,10244,86,127.1,"{1245,10244,86,127.1},"
1245,10051,44,254.64,"{1245,10051,44,254.64},"
1245,10610,21,192.67,"{1245,10610,21,192.67},"
1245,10131,56,368.75,"{1245,10131,56,368.75},"
1245,10577,52,222.54,"{1245,10577,52,222.54},"
1245,10905,26,269.43,"{1245,10905,26,269.43},"
1246,10223,66,35.31,"{1246,10223,66,35.31},"
1246,10038,18,33.95,"{1246,10038,18,33.95},"
1246,10953,30,169.99,"{1246,10953,30,169.99},"
1246,10286,34,310.97,"{1246,10286,34,310.97},"
1246,10103,96,188.89,"{1246,10103,96,188.89},"
1247,10969,43,408.49,"{1247,10969,43,408.49},"
1247,10123,87,480.95,"{1247,10123,87,480.95},"
1247,10801,10,324,"{1247,10801,10,324},"
1247,10886,59,290.01,"{1247,10886,59,290.01},"
1247,10648,19,285.75,"{1247,10648,19,285.75},"
1247,10192,96,69.69,"{1247,10192,96,69.69},"
1247,10483,17,393.58,"{1247,10483,17,393.58},"
1247,10111,50,374.76,"{1247,10111,50,374.76},"
1248,10304,21,344.65,"{1248,10304,21,344.65},"
1248,10939,28,347.71,"{1248,10939,28,347.71},"
1248,10433,89,253.99,"{1248,10433,89,253.99},"
1248,10206,22,249.91,"{1248,10206,22,249.91},"
1248,10459,37,420.94,"{1248,10459,37,420.94},"
1248,10817,98,464.91,"{1248,10817,98,464.91},"
1249,10686,26,133.26,"{1249,10686,26,133.26},"
1249,10337,17,350.73,"{1249,10337,17,350.73},"
1249,10962,50,46.4,"{1249,10962,50,46.4},"
1249,10267,37,142.99,"{1249,10267,37,142.99},"
1249,10902,63,278.41,"{1249,10902,63,278.41},"
1249,10300,96,279.69,"{1249,10300,96,279.69},"
1249,10607,32,69.24,"{1249,10607,32,69.24},"
1249,10334,14,342.99,"{1249,10334,14,342.99},"
1249,10625,77,122.87,"{1249,10625,77,122.87},"
1250,10883,89,121.11,"{1250,10883,89,121.11},"
1250,10255,92,104.06,"{1250,10255,92,104.06},"
1250,10384,31,263.9,"{1250,10384,31,263.9},"
1250,10645,71,123.16,"{1250,10645,71,123.16},"
1250,10445,85,491.83,"{1250,10445,85,491.83},"
1250,10016,28,452.32,"{1250,10016,28,452.32},"
1250,10962,98,46.4,"{1250,10962,98,46.4},"
1250,10499,67,287.62,"{1250,10499,67,287.62},"
1250,10298,44,473.87,"{1250,10298,44,473.87},"
1250,10853,24,152.86,"{1250,10853,24,152.86},"
1251,10443,54,325.62,"{1251,10443,54,325.62},"
1251,10261,41,16.8,"{1251,10261,41,16.8},"
1251,10359,51,420.17,"{1251,10359,51,420.17},"
1251,10569,100,434.13,"{1251,10569,100,434.13},"
1251,10810,62,332.9,"{1251,10810,62,332.9},"
1252,10845,100,213.43,"{1252,10845,100,213.43},"
1252,10911,19,173.43,"{1252,10911,19,173.43},"
1252,10983,30,56.83,"{1252,10983,30,56.83},"
1253,10790,52,273.84,"{1253,10790,52,273.84},"
1253,10823,55,44.87,"{1253,10823,55,44.87},"
1253,10791,72,482.89,"{1253,10791,72,482.89},"
1253,10422,47,188.54,"{1253,10422,47,188.54},"
1253,10074,79,398.48,"{1253,10074,79,398.48},"
1253,10885,100,358.25,"{1253,10885,100,358.25},"
1253,10304,14,344.65,"{1253,10304,14,344.65},"
1253,10098,83,48.15,"{1253,10098,83,48.15},"
1253,10471,87,444.18,"{1253,10471,87,444.18},"
1254,10917,12,20.94,"{1254,10917,12,20.94},"
1254,10836,62,52.42,"{1254,10836,62,52.42},"
1254,10492,25,201.34,"{1254,10492,25,201.34},"
1255,10930,67,393.83,"{1255,10930,67,393.83},"
1255,10153,96,259.3,"{1255,10153,96,259.3},"
1255,10702,43,223.25,"{1255,10702,43,223.25},"
1255,10928,33,90.51,"{1255,10928,33,90.51},"
1255,10490,97,372.75,"{1255,10490,97,372.75},"
1255,10668,44,41.87,"{1255,10668,44,41.87},"
1256,10065,87,468.04,"{1256,10065,87,468.04},"
1256,10919,73,143.64,"{1256,10919,73,143.64},"
1256,10683,74,17.08,"{1256,10683,74,17.08},"
1256,10516,30,449.38,"{1256,10516,30,449.38},"
1256,10524,68,286.99,"{1256,10524,68,286.99},"
1257,10595,40,93.39,"{1257,10595,40,93.39},"
1257,10844,57,429.69,"{1257,10844,57,429.69},"
1257,10307,96,454.98,"{1257,10307,96,454.98},"
1258,10967,62,142.8,"{1258,10967,62,142.8},"
1258,10218,97,310.06,"{1258,10218,97,310.06},"
1258,10163,64,343.91,"{1258,10163,64,343.91},"
1258,10668,60,41.87,"{1258,10668,60,41.87},"
1258,10114,22,143.56,"{1258,10114,22,143.56},"
1258,10210,53,264.95,"{1258,10210,53,264.95},"
1258,10183,59,330.76,"{1258,10183,59,330.76},"
1258,10260,51,442.23,"{1258,10260,51,442.23},"
1259,10681,71,364.5,"{1259,10681,71,364.5},"
1259,10448,87,70.66,"{1259,10448,87,70.66},"
1259,10959,47,344.8,"{1259,10959,47,344.8},"
1259,10131,22,368.75,"{1259,10131,22,368.75},"
1259,10859,18,29.84,"{1259,10859,18,29.84},"
1259,10301,30,167.47,"{1259,10301,30,167.47},"
1259,10734,52,228.23,"{1259,10734,52,228.23},"
1259,10279,48,361.79,"{1259,10279,48,361.79},"
1259,10704,11,451.58,"{1259,10704,11,451.58},"
1260,10325,84,271.31,"{1260,10325,84,271.31},"
1260,10531,86,243.73,"{1260,10531,86,243.73},"
1260,10726,70,362.86,"{1260,10726,70,362.86},"
1261,10406,34,143.72,"{1261,10406,34,143.72},"
1261,10379,10,344.17,"{1261,10379,10,344.17},"
1261,10944,21,453.21,"{1261,10944,21,453.21},"
1262,10735,59,321.87,"{1262,10735,59,321.87},"
1262,10097,79,15.27,"{1262,10097,79,15.27},"
1262,10116,29,24.3,"{1262,10116,29,24.3},"
1262,10619,90,146.83,"{1262,10619,90,146.83},"
1262,10541,76,454.05,"{1262,10541,76,454.05},"
1262,10719,97,42.46,"{1262,10719,97,42.46},"
1263,10073,76,42.38,"{1263,10073,76,42.38},"
1263,10548,50,319.14,"{1263,10548,50,319.14},"
1263,10802,29,47.75,"{1263,10802,29,47.75},"
1263,10613,40,443.08,"{1263,10613,40,443.08},"
1263,10472,76,474.43,"{1263,10472,76,474.43},"
1263,10787,14,345.06,"{1263,10787,14,345.06},"
1263,10905,40,269.43,"{1263,10905,40,269.43},"
1264,10521,55,277.83,"{1264,10521,55,277.83},"
1264,10278,47,217.75,"{1264,10278,47,217.75},"
1264,10188,32,81.06,"{1264,10188,32,81.06},"
1264,10670,50,88.56,"{1264,10670,50,88.56},"
1264,10151,100,256.67,"{1264,10151,100,256.67},"
1264,10489,98,315.43,"{1264,10489,98,315.43},"
1264,10602,37,55.72,"{1264,10602,37,55.72},"
1264,10167,91,412.02,"{1264,10167,91,412.02},"
1265,10104,33,440.45,"{1265,10104,33,440.45},"
1265,10579,47,35.61,"{1265,10579,47,35.61},"
1265,10914,65,247.04,"{1265,10914,65,247.04},"
1265,10003,94,189.95,"{1265,10003,94,189.95},"
1265,10534,58,46.04,"{1265,10534,58,46.04},"
1265,10273,68,437.24,"{1265,10273,68,437.24},"
1265,10603,12,145.96,"{1265,10603,12,145.96},"
1265,10909,65,404.07,"{1265,10909,65,404.07},"
1266,10537,27,248.68,"{1266,10537,27,248.68},"
1266,10605,31,343.32,"{1266,10605,31,343.32},"
1266,10404,87,239.24,"{1266,10404,87,239.24},"
1266,10984,36,410.58,"{1266,10984,36,410.58},"
1267,10172,100,227.18,"{1267,10172,100,227.18},"
1267,10331,49,220.09,"{1267,10331,49,220.09},"
1267,10161,98,187.29,"{1267,10161,98,187.29},"
1268,10614,28,225.06,"{1268,10614,28,225.06},"
1268,10218,69,310.06,"{1268,10218,69,310.06},"
1268,10875,67,200.36,"{1268,10875,67,200.36},"
1268,10057,51,293.03,"{1268,10057,51,293.03},"
1268,10334,57,342.99,"{1268,10334,57,342.99},"
1268,10528,61,449.4,"{1268,10528,61,449.4},"
1268,10410,74,150.13,"{1268,10410,74,150.13},"
1269,10392,80,161.01,"{1269,10392,80,161.01},"
1269,10981,33,95.65,"{1269,10981,33,95.65},"
1269,10484,58,113.84,"{1269,10484,58,113.84},"
1270,10716,28,149.26,"{1270,10716,28,149.26},"
1270,10361,95,94.01,"{1270,10361,95,94.01},"
1270,10326,28,241.49,"{1270,10326,28,241.49},"
1270,10714,22,254.59,"{1270,10714,22,254.59},"
1270,10838,43,158.78,"{1270,10838,43,158.78},"
1270,10252,63,178.24,"{1270,10252,63,178.24},"
1270,10646,100,46.91,"{1270,10646,100,46.91},"
1270,10659,53,15.88,"{1270,10659,53,15.88},"
1270,10929,40,298.44,"{1270,10929,40,298.44},"
1270,10598,18,481.47,"{1270,10598,18,481.47},"
1271,10840,76,498.9,"{1271,10840,76,498.9},"
1271,10992,85,193.76,"{1271,10992,85,193.76},"
1271,10430,59,93.12,"{1271,10430,59,93.12},"
1272,10428,60,261.91,"{1272,10428,60,261.91},"
1272,10715,87,455.33,"{1272,10715,87,455.33},"
1272,10070,31,144.25,"{1272,10070,31,144.25},"
1272,10810,84,332.9,"{1272,10810,84,332.9},"
1273,10018,91,112.95,"{1273,10018,91,112.95},"
1273,10090,67,419.16,"{1273,10090,67,419.16},"
1273,10089,42,241.67,"{1273,10089,42,241.67},"
1273,10516,13,449.38,"{1273,10516,13,449.38},"
1274,10289,16,425.59,"{1274,10289,16,425.59},"
1274,10102,72,165.21,"{1274,10102,72,165.21},"
1274,10359,95,420.17,"{1274,10359,95,420.17},"
1275,10477,85,196.8,"{1275,10477,85,196.8},"
1275,10867,81,454.6,"{1275,10867,81,454.6},"
1275,10607,23,69.24,"{1275,10607,23,69.24},"
1275,10885,46,358.25,"{1275,10885,46,358.25},"
1275,10169,63,47.86,"{1275,10169,63,47.86},"
1275,10024,79,358.49,"{1275,10024,79,358.49},"
1275,10129,12,204.67,"{1275,10129,12,204.67},"
1275,10159,78,136.02,"{1275,10159,78,136.02},"
1276,10883,23,121.11,"{1276,10883,23,121.11},"
1276,10381,20,61.81,"{1276,10381,20,61.81},"
1276,10837,50,370.63,"{1276,10837,50,370.63},"
1276,10208,26,243.74,"{1276,10208,26,243.74},"
1276,10600,29,452.23,"{1276,10600,29,452.23},"
1276,10516,13,449.38,"{1276,10516,13,449.38},"
1276,10570,57,440.66,"{1276,10570,57,440.66},"
1276,10896,64,378.07,"{1276,10896,64,378.07},"
1276,10386,36,13.14,"{1276,10386,36,13.14},"
1277,10197,49,338.17,"{1277,10197,49,338.17},"
1277,10738,33,325.2,"{1277,10738,33,325.2},"
1277,10083,88,273.73,"{1277,10083,88,273.73},"
1277,10743,64,14.12,"{1277,10743,64,14.12},"
1278,10088,80,397.06,"{1278,10088,80,397.06},"
1278,10172,29,227.18,"{1278,10172,29,227.18},"
1278,10182,42,175.76,"{1278,10182,42,175.76},"
1279,10823,40,44.87,"{1279,10823,40,44.87},"
1279,10334,28,342.99,"{1279,10334,28,342.99},"
1279,10480,36,382.42,"{1279,10480,36,382.42},"
1279,10857,15,415.24,"{1279,10857,15,415.24},"
1279,10192,53,69.69,"{1279,10192,53,69.69},"
1280,10605,96,343.32,"{1280,10605,96,343.32},"
1280,10609,84,240.91,"{1280,10609,84,240.91},"
1280,10620,93,491.17,"{1280,10620,93,491.17},"
1280,10617,18,41.06,"{1280,10617,18,41.06},"
1280,10132,48,154.06,"{1280,10132,48,154.06},"
1280,10358,38,51.14,"{1280,10358,38,51.14},"
1281,10647,20,154.29,"{1281,10647,20,154.29},"
1281,10091,17,339.81,"{1281,10091,17,339.81},"
1281,10288,57,319.33,"{1281,10288,57,319.33},"
1281,10175,95,194.52,"{1281,10175,95,194.52},"
1281,10276,18,156.04,"{1281,10276,18,156.04},"
1281,10813,19,135.24,"{1281,10813,19,135.24},"
1281,10442,17,307.5,"{1281,10442,17,307.5},"
1282,10528,65,449.4,"{1282,10528,65,449.4},"
1282,10338,99,143.93,"{1282,10338,99,143.93},"
1282,10812,42,199.83,"{1282,10812,42,199.83},"
1282,10973,90,337.45,"{1282,10973,90,337.45},"
1282,10977,63,90.24,"{1282,10977,63,90.24},"
1282,10937,55,72.33,"{1282,10937,55,72.33},"
1282,10866,73,404.18,"{1282,10866,73,404.18},"
1283,10397,54,105.79,"{1283,10397,54,105.79},"
1283,10143,70,282.34,"{1283,10143,70,282.34},"
1283,10158,15,133.82,"{1283,10158,15,133.82},"
1283,10044,29,397.32,"{1283,10044,29,397.32},"
1283,10622,87,300.47,"{1283,10622,87,300.47},"
1283,10163,33,343.91,"{1283,10163,33,343.91},"
1283,10998,44,349.77,"{1283,10998,44,349.77},"
1284,10687,50,89.37,"{1284,10687,50,89.37},"
1284,10541,80,454.05,"{1284,10541,80,454.05},"
1284,10510,75,215.34,"{1284,10510,75,215.34},"
1284,10342,40,473.9,"{1284,10342,40,473.9},"
1284,10597,53,315.25,"{1284,10597,53,315.25},"
1284,10048,15,250.31,"{1284,10048,15,250.31},"
1285,10365,22,482.18,"{1285,10365,22,482.18},"
1285,10475,26,96.04,"{1285,10475,26,96.04},"
1285,10788,89,458.08,"{1285,10788,89,458.08},"
1285,10328,11,69.21,"{1285,10328,11,69.21},"
1285,10591,38,158,"{1285,10591,38,158},"
1285,10435,16,366.43,"{1285,10435,16,366.43},"
1285,10744,82,268.23,"{1285,10744,82,268.23},"
1285,10826,88,53.8,"{1285,10826,88,53.8},"
1285,10195,25,226.57,"{1285,10195,25,226.57},"
1286,10240,73,333.18,"{1286,10240,73,333.18},"
1286,10971,73,253.75,"{1286,10971,73,253.75},"
1286,10883,47,121.11,"{1286,10883,47,121.11},"
1286,10061,35,112.52,"{1286,10061,35,112.52},"
1286,10792,88,498.29,"{1286,10792,88,498.29},"
1286,10333,25,312.39,"{1286,10333,25,312.39},"
1287,10966,39,139.42,"{1287,10966,39,139.42},"
1287,10262,78,480.46,"{1287,10262,78,480.46},"
1287,10254,41,351.91,"{1287,10254,41,351.91},"
1287,10227,29,474.92,"{1287,10227,29,474.92},"
1287,10968,25,184.68,"{1287,10968,25,184.68},"
1287,10858,91,340.52,"{1287,10858,91,340.52},"
1287,10607,65,69.24,"{1287,10607,65,69.24},"
1287,10208,38,243.74,"{1287,10208,38,243.74},"
1288,10519,45,298.09,"{1288,10519,45,298.09},"
1288,10886,95,290.01,"{1288,10886,95,290.01},"
1288,10405,65,87.17,"{1288,10405,65,87.17},"
1288,10513,70,448.63,"{1288,10513,70,448.63},"
1288,10728,100,436.42,"{1288,10728,100,436.42},"
1288,10870,32,86.85,"{1288,10870,32,86.85},"
1288,10986,48,158.86,"{1288,10986,48,158.86},"
1288,10841,57,452.94,"{1288,10841,57,452.94},"
1289,10463,69,420.09,"{1289,10463,69,420.09},"
1289,10915,44,392.94,"{1289,10915,44,392.94},"
1289,10945,41,178.21,"{1289,10945,41,178.21},"
1289,10280,51,85.62,"{1289,10280,51,85.62},"
1289,10436,74,490.3,"{1289,10436,74,490.3},"
1289,10124,77,194.71,"{1289,10124,77,194.71},"
1289,10960,38,379.19,"{1289,10960,38,379.19},"
1289,10208,53,243.74,"{1289,10208,53,243.74},"
1289,10776,80,434.28,"{1289,10776,80,434.28},"
1289,10258,91,199.04,"{1289,10258,91,199.04},"
1290,10140,95,74.41,"{1290,10140,95,74.41},"
1290,10078,32,210.13,"{1290,10078,32,210.13},"
1290,10320,81,198.05,"{1290,10320,81,198.05},"
1290,10184,79,113.66,"{1290,10184,79,113.66},"
1290,10546,40,259,"{1290,10546,40,259},"
1290,10592,53,353.11,"{1290,10592,53,353.11},"
1290,10885,90,358.25,"{1290,10885,90,358.25},"
1291,10252,41,178.24,"{1291,10252,41,178.24},"
1291,10185,48,377.37,"{1291,10185,48,377.37},"
1291,10860,82,329.38,"{1291,10860,82,329.38},"
1291,10111,50,374.76,"{1291,10111,50,374.76},"
1291,10316,11,277,"{1291,10316,11,277},"
1291,10992,72,193.76,"{1291,10992,72,193.76},"
1291,10802,18,47.75,"{1291,10802,18,47.75},"
1292,10543,33,105.22,"{1292,10543,33,105.22},"
1292,10627,40,479.19,"{1292,10627,40,479.19},"
1292,10532,44,479.16,"{1292,10532,44,479.16},"
1292,10341,31,414.77,"{1292,10341,31,414.77},"
1292,10112,17,422.23,"{1292,10112,17,422.23},"
1292,10819,81,452.04,"{1292,10819,81,452.04},"
1292,10318,39,118.48,"{1292,10318,39,118.48},"
1292,10775,34,124.43,"{1292,10775,34,124.43},"
1292,10916,21,282.61,"{1292,10916,21,282.61},"
1293,10285,54,393.9,"{1293,10285,54,393.9},"
1293,10345,86,342.92,"{1293,10345,86,342.92},"
1293,10827,74,352.43,"{1293,10827,74,352.43},"
1293,10734,63,228.23,"{1293,10734,63,228.23},"
1293,10170,80,225.4,"{1293,10170,80,225.4},"
1294,10192,95,69.69,"{1294,10192,95,69.69},"
1294,10503,17,240.01,"{1294,10503,17,240.01},"
1294,10602,26,55.72,"{1294,10602,26,55.72},"
1294,10694,59,206.43,"{1294,10694,59,206.43},"
1295,10727,13,465.36,"{1295,10727,13,465.36},"
1295,10980,89,257.7,"{1295,10980,89,257.7},"
1295,10751,26,130.25,"{1295,10751,26,130.25},"
1295,10053,87,61.9,"{1295,10053,87,61.9},"
1295,10863,77,68.26,"{1295,10863,77,68.26},"
1295,10874,25,444.24,"{1295,10874,25,444.24},"
1295,10424,82,471.85,"{1295,10424,82,471.85},"
1295,10513,74,448.63,"{1295,10513,74,448.63},"
1295,10452,73,489.49,"{1295,10452,73,489.49},"
1296,10929,63,298.44,"{1296,10929,63,298.44},"
1296,10643,94,497.29,"{1296,10643,94,497.29},"
1296,10363,92,354.3,"{1296,10363,92,354.3},"
1297,10161,87,187.29,"{1297,10161,87,187.29},"
1297,10533,98,201.31,"{1297,10533,98,201.31},"
1297,10827,45,352.43,"{1297,10827,45,352.43},"
1297,10198,83,354.71,"{1297,10198,83,354.71},"
1298,10789,38,116.1,"{1298,10789,38,116.1},"
1298,10705,58,194.56,"{1298,10705,58,194.56},"
1298,10593,15,225.09,"{1298,10593,15,225.09},"
1298,10063,26,335.34,"{1298,10063,26,335.34},"
1298,10486,93,87.86,"{1298,10486,93,87.86},"
1298,10439,92,379.37,"{1298,10439,92,379.37},"
1299,10570,100,440.66,"{1299,10570,100,440.66},"
1299,10934,49,237.35,"{1299,10934,49,237.35},"
1299,10733,87,106.9,"{1299,10733,87,106.9},"
1299,10460,36,485.41,"{1299,10460,36,485.41},"
1299,10414,95,18.15,"{1299,10414,95,18.15},"
1300,10500,79,147.07,"{1300,10500,79,147.07},"
1300,10434,36,479.53,"{1300,10434,36,479.53},"
1300,10308,11,206.37,"{1300,10308,11,206.37},"
1300,10209,43,360.83,"{1300,10209,43,360.83},"
1300,10809,19,191.68,"{1300,10809,19,191.68},"
1300,10145,43,94.72,"{1300,10145,43,94.72},"
1300,10528,39,449.4,"{1300,10528,39,449.4},"
